序號,詞彙,詞頻,累積詞頻,前100名高頻詞累積百分比,"總詞數累積
百分比"
60001,掛有頭二,1 ,"1,134,292 ",,99.75%
60002,合造車,1 ,"1,134,293 ",,99.75%
60003,三等車,1 ,"1,134,294 ",,99.75%
60004,大陸派,1 ,"1,134,295 ",,99.75%
60005,密閉風檔,1 ,"1,134,296 ",,99.75%
60006,瞭望室,1 ,"1,134,297 ",,99.75%
60007,瞭望車,1 ,"1,134,298 ",,99.75%
60008,流線形,1 ,"1,134,299 ",,99.75%
60009,鋼體化,1 ,"1,134,300 ",,99.75%
60010,銘傳號,1 ,"1,134,301 ",,99.75%
60011,鐵道史,1 ,"1,134,302 ",,99.75%
60012,存世,1 ,"1,134,303 ",,99.75%
60013,紐倫堡,1 ,"1,134,304 ",,99.75%
60014,切來,1 ,"1,134,305 ",,99.75%
60015,貴賓車,1 ,"1,134,306 ",,99.75%
60016,御召,1 ,"1,134,307 ",,99.75%
60017,細致,1 ,"1,134,308 ",,99.75%
60018,形式圖,1 ,"1,134,309 ",,99.75%
60019,忠貞,1 ,"1,134,310 ",,99.75%
60020,俗稱為,1 ,"1,134,311 ",,99.75%
60021,寡婦,1 ,"1,134,312 ",,99.75%
60022,上部,1 ,"1,134,313 ",,99.75%
60023,識貨,1 ,"1,134,314 ",,99.75%
60024,切法,1 ,"1,134,315 ",,99.75%
60025,水湳,1 ,"1,134,316 ",,99.75%
60026,新切,1 ,"1,134,317 ",,99.75%
60027,子彈頭,1 ,"1,134,318 ",,99.75%
60028,窗帶,1 ,"1,134,319 ",,99.75%
60029,舊線,1 ,"1,134,320 ",,99.75%
60030,車長,1 ,"1,134,321 ",,99.75%
60031,彈丸,1 ,"1,134,322 ",,99.75%
60032,博雅館,1 ,"1,134,323 ",,99.75%
60033,咚咚咚,1 ,"1,134,324 ",,99.75%
60034,摳摳,1 ,"1,134,325 ",,99.75%
60035,評審完,1 ,"1,134,326 ",,99.75%
60036,睡午覺,1 ,"1,134,327 ",,99.75%
60037,楊卓成,1 ,"1,134,328 ",,99.75%
60038,天水路,1 ,"1,134,329 ",,99.75%
60039,華亭,1 ,"1,134,330 ",,99.75%
60040,大驚,1 ,"1,134,331 ",,99.75%
60041,老高,1 ,"1,134,332 ",,99.75%
60042,毀去,1 ,"1,134,333 ",,99.75%
60043,辦展,1 ,"1,134,334 ",,99.75%
60044,廢墟迷,1 ,"1,134,335 ",,99.75%
60045,器械,1 ,"1,134,336 ",,99.75%
60046,整飭,1 ,"1,134,337 ",,99.75%
60047,惜物,1 ,"1,134,338 ",,99.75%
60048,搬下來,1 ,"1,134,339 ",,99.75%
60049,掉出來,1 ,"1,134,340 ",,99.75%
60050,台鐵人,1 ,"1,134,341 ",,99.75%
60051,心形,1 ,"1,134,342 ",,99.75%
60052,時代感,1 ,"1,134,343 ",,99.75%
60053,寢台車,1 ,"1,134,344 ",,99.75%
60054,椅架,1 ,"1,134,345 ",,99.76%
60055,提列為,1 ,"1,134,346 ",,99.76%
60056,去文,1 ,"1,134,347 ",,99.76%
60057,都委會,1 ,"1,134,348 ",,99.76%
60058,地景歸,1 ,"1,134,349 ",,99.76%
60059,主結構,1 ,"1,134,350 ",,99.76%
60060,側壁,1 ,"1,134,351 ",,99.76%
60061,鋼纜,1 ,"1,134,352 ",,99.76%
60062,風力塔,1 ,"1,134,353 ",,99.76%
60063,鐵柱,1 ,"1,134,354 ",,99.76%
60064,飛行場,1 ,"1,134,355 ",,99.76%
60065,丟入,1 ,"1,134,356 ",,99.76%
60066,紀念章,1 ,"1,134,357 ",,99.76%
60067,老皮章,1 ,"1,134,358 ",,99.76%
60068,老皮車,1 ,"1,134,359 ",,99.76%
60069,商務車,1 ,"1,134,360 ",,99.76%
60070,幌子,1 ,"1,134,361 ",,99.76%
60071,強奪民地,1 ,"1,134,362 ",,99.76%
60072,無邪,1 ,"1,134,363 ",,99.76%
60073,拆光光,1 ,"1,134,364 ",,99.76%
60074,拆拆拆,1 ,"1,134,365 ",,99.76%
60075,大氣系,1 ,"1,134,366 ",,99.76%
60076,系友,1 ,"1,134,367 ",,99.76%
60077,僑光堂,1 ,"1,134,368 ",,99.76%
60078,地理系,1 ,"1,134,369 ",,99.76%
60079,七十年代,1 ,"1,134,370 ",,99.76%
60080,火車書,1 ,"1,134,371 ",,99.76%
60081,大山,1 ,"1,134,372 ",,99.76%
60082,竹島,1 ,"1,134,373 ",,99.76%
60083,飛迷,1 ,"1,134,374 ",,99.76%
60084,艦船迷,1 ,"1,134,375 ",,99.76%
60085,怪獸迷,1 ,"1,134,376 ",,99.76%
60086,印給,1 ,"1,134,377 ",,99.76%
60087,加油添醋,1 ,"1,134,378 ",,99.76%
60088,避嫌,1 ,"1,134,379 ",,99.76%
60089,作展,1 ,"1,134,380 ",,99.76%
60090,展間,1 ,"1,134,381 ",,99.76%
60091,大事紀,1 ,"1,134,382 ",,99.76%
60092,黑壓壓,1 ,"1,134,383 ",,99.76%
60093,意像展,1 ,"1,134,384 ",,99.76%
60094,疊圖,1 ,"1,134,385 ",,99.76%
60095,國弄,1 ,"1,134,386 ",,99.76%
60096,意像,1 ,"1,134,387 ",,99.76%
60097,哀哉,1 ,"1,134,388 ",,99.76%
60098,超深色,1 ,"1,134,389 ",,99.76%
60099,日航,1 ,"1,134,390 ",,99.76%
60100,日亞航,1 ,"1,134,391 ",,99.76%
60101,逮,1 ,"1,134,392 ",,99.76%
60102,現時刻,1 ,"1,134,393 ",,99.76%
60103,晃點,1 ,"1,134,394 ",,99.76%
60104,表定,1 ,"1,134,395 ",,99.76%
60105,七點五十,1 ,"1,134,396 ",,99.76%
60106,滑過,1 ,"1,134,397 ",,99.76%
60107,起飛潮,1 ,"1,134,398 ",,99.76%
60108,拖機,1 ,"1,134,399 ",,99.76%
60109,空廚,1 ,"1,134,400 ",,99.76%
60110,蛇籠,1 ,"1,134,401 ",,99.76%
60111,熱帶版,1 ,"1,134,402 ",,99.76%
60112,氣候區,1 ,"1,134,403 ",,99.76%
60113,抗寒型,1 ,"1,134,404 ",,99.76%
60114,運抵,1 ,"1,134,405 ",,99.76%
60115,大修復,1 ,"1,134,406 ",,99.76%
60116,觀光團,1 ,"1,134,407 ",,99.76%
60117,峰雪剛,1 ,"1,134,408 ",,99.76%
60118,富内線振,1 ,"1,134,409 ",,99.76%
60119,内駅站,1 ,"1,134,410 ",,99.76%
60120,別海町,1 ,"1,134,411 ",,99.76%
60121,迷到,1 ,"1,134,412 ",,99.76%
60122,蒸機出來,1 ,"1,134,413 ",,99.76%
60123,老嫗,1 ,"1,134,414 ",,99.76%
60124,名點,1 ,"1,134,415 ",,99.76%
60125,進出站,1 ,"1,134,416 ",,99.76%
60126,煙況,1 ,"1,134,417 ",,99.76%
60127,森,1 ,"1,134,418 ",,99.76%
60128,逼逼,1 ,"1,134,419 ",,99.76%
60129,拍蒸機,1 ,"1,134,420 ",,99.76%
60130,解聯,1 ,"1,134,421 ",,99.76%
60131,拖出,1 ,"1,134,422 ",,99.76%
60132,冠以,1 ,"1,134,423 ",,99.76%
60133,賽車場,1 ,"1,134,424 ",,99.76%
60134,台用,1 ,"1,134,425 ",,99.76%
60135,迷連,1 ,"1,134,426 ",,99.76%
60136,焦段,1 ,"1,134,427 ",,99.76%
60137,混雜度,1 ,"1,134,428 ",,99.76%
60138,北廣島,1 ,"1,134,429 ",,99.76%
60139,陰天,1 ,"1,134,430 ",,99.76%
60140,長浜,1 ,"1,134,431 ",,99.76%
60141,高廠,1 ,"1,134,432 ",,99.76%
60142,標準色,1 ,"1,134,433 ",,99.76%
60143,國鐵,1 ,"1,134,434 ",,99.76%
60144,莒光號,1 ,"1,134,435 ",,99.76%
60145,選色,1 ,"1,134,436 ",,99.76%
60146,色卡,1 ,"1,134,437 ",,99.76%
60147,民防坑道,1 ,"1,134,438 ",,99.76%
60148,五指,1 ,"1,134,439 ",,99.76%
60149,香煎干,1 ,"1,134,440 ",,99.76%
60150,貝,1 ,"1,134,441 ",,99.76%
60151,溫無花果,1 ,"1,134,442 ",,99.76%
60152,芥濃湯,1 ,"1,134,443 ",,99.76%
60153,卡布其諾,1 ,"1,134,444 ",,99.76%
60154,鬼伯特,1 ,"1,134,445 ",,99.76%
60155,拉雅岩鹽,1 ,"1,134,446 ",,99.76%
60156,熟成,1 ,"1,134,447 ",,99.76%
60157,～～,1 ,"1,134,448 ",,99.76%
60158,阿本仔,1 ,"1,134,449 ",,99.76%
60159,一道道,1 ,"1,134,450 ",,99.76%
60160,轉過去,1 ,"1,134,451 ",,99.76%
60161,海螺,1 ,"1,134,452 ",,99.76%
60162,配點,1 ,"1,134,453 ",,99.76%
60163,蛤罵湯,1 ,"1,134,454 ",,99.76%
60164,算起來,1 ,"1,134,455 ",,99.76%
60165,小林麵館,1 ,"1,134,456 ",,99.76%
60166,復興站,1 ,"1,134,457 ",,99.76%
60167,麵食館,1 ,"1,134,458 ",,99.77%
60168,排骨肉,1 ,"1,134,459 ",,99.77%
60169,牛肉湯,1 ,"1,134,460 ",,99.77%
60170,炸旗魚,1 ,"1,134,461 ",,99.77%
60171,炸天婦羅,1 ,"1,134,462 ",,99.77%
60172,麵炎仔,1 ,"1,134,463 ",,99.77%
60173,蘆薈,1 ,"1,134,464 ",,99.77%
60174,點現,1 ,"1,134,465 ",,99.77%
60175,山越,1 ,"1,134,466 ",,99.77%
60176,海月,1 ,"1,134,467 ",,99.77%
60177,蔬菜盤,1 ,"1,134,468 ",,99.77%
60178,防燙片,1 ,"1,134,469 ",,99.77%
60179,超舒服,1 ,"1,134,470 ",,99.77%
60180,油花花,1 ,"1,134,471 ",,99.77%
60181,青魽肚,1 ,"1,134,472 ",,99.77%
60182,海鱺肚,1 ,"1,134,473 ",,99.77%
60183,端來,1 ,"1,134,474 ",,99.77%
60184,塌下去,1 ,"1,134,475 ",,99.77%
60185,香甜味兒,1 ,"1,134,476 ",,99.77%
60186,嫩口,1 ,"1,134,477 ",,99.77%
60187,杏仁精,1 ,"1,134,478 ",,99.77%
60188,豆腐界,1 ,"1,134,479 ",,99.77%
60189,驚呆,1 ,"1,134,480 ",,99.77%
60190,肥肥爛爛,1 ,"1,134,481 ",,99.77%
60191,三杯,1 ,"1,134,482 ",,99.77%
60192,菇菇,1 ,"1,134,483 ",,99.77%
60193,點三杯,1 ,"1,134,484 ",,99.77%
60194,釀酒廠,1 ,"1,134,485 ",,99.77%
60195,溜狗,1 ,"1,134,486 ",,99.77%
60196,逛逛街,1 ,"1,134,487 ",,99.77%
60197,買買,1 ,"1,134,488 ",,99.77%
60198,涮牛肚,1 ,"1,134,489 ",,99.77%
60199,說不好意思,1 ,"1,134,490 ",,99.77%
60200,牛飲,1 ,"1,134,491 ",,99.77%
60201,昆布鍋底,1 ,"1,134,492 ",,99.77%
60202,涵子,1 ,"1,134,493 ",,99.77%
60203,酸酸辣辣,1 ,"1,134,494 ",,99.77%
60204,造次,1 ,"1,134,495 ",,99.77%
60205,王子麵,1 ,"1,134,496 ",,99.77%
60206,林董點,1 ,"1,134,497 ",,99.77%
60207,涮涮屋,1 ,"1,134,498 ",,99.77%
60208,肥膩,1 ,"1,134,499 ",,99.77%
60209,毛豬,1 ,"1,134,500 ",,99.77%
60210,大爆表,1 ,"1,134,501 ",,99.77%
60211,安格斯,1 ,"1,134,502 ",,99.77%
60212,黑牛,1 ,"1,134,503 ",,99.77%
60213,北海魚,1 ,"1,134,504 ",,99.77%
60214,包蛋,1 ,"1,134,505 ",,99.77%
60215,咬開,1 ,"1,134,506 ",,99.77%
60216,好米亞,1 ,"1,134,507 ",,99.77%
60217,醋醬,1 ,"1,134,508 ",,99.77%
60218,排襯,1 ,"1,134,509 ",,99.77%
60219,洋芋佐,1 ,"1,134,510 ",,99.77%
60220,香料醬,1 ,"1,134,511 ",,99.77%
60221,番茄莎,1 ,"1,134,512 ",,99.77%
60222,番茄莎莎,1 ,"1,134,513 ",,99.77%
60223,襯梅薯,1 ,"1,134,514 ",,99.77%
60224,小白菜,1 ,"1,134,515 ",,99.77%
60225,懮格醬,1 ,"1,134,516 ",,99.77%
60226,黑娜娜,1 ,"1,134,517 ",,99.77%
60227,禮讚,1 ,"1,134,518 ",,99.77%
60228,肋條,1 ,"1,134,519 ",,99.77%
60229,蕪菁佐,1 ,"1,134,520 ",,99.77%
60230,芥末塔塔,1 ,"1,134,521 ",,99.77%
60231,超脆,1 ,"1,134,522 ",,99.77%
60232,香蕉派,1 ,"1,134,523 ",,99.77%
60233,非點,1 ,"1,134,524 ",,99.77%
60234,香草卡士達醬,1 ,"1,134,525 ",,99.77%
60235,依思尼,1 ,"1,134,526 ",,99.77%
60236,超愛好,1 ,"1,134,527 ",,99.77%
60237,超酥脆,1 ,"1,134,528 ",,99.77%
60238,超香超,1 ,"1,134,529 ",,99.77%
60239,卡式,1 ,"1,134,530 ",,99.77%
60240,白蘭地酒,1 ,"1,134,531 ",,99.77%
60241,肉桂粉,1 ,"1,134,532 ",,99.77%
60242,香～～,1 ,"1,134,533 ",,99.77%
60243,芭樂籽,1 ,"1,134,534 ",,99.77%
60244,壽喜,1 ,"1,134,535 ",,99.77%
60245,樂翻天,1 ,"1,134,536 ",,99.77%
60246,海鮮類,1 ,"1,134,537 ",,99.77%
60247,點現出,1 ,"1,134,538 ",,99.77%
60248,秋葵,1 ,"1,134,539 ",,99.77%
60249,目爾,1 ,"1,134,540 ",,99.77%
60250,嘖嘖嘖嘖嘖,1 ,"1,134,541 ",,99.77%
60251,雪糕,1 ,"1,134,542 ",,99.77%
60252,炒出來,1 ,"1,134,543 ",,99.77%
60253,松板,1 ,"1,134,544 ",,99.77%
60254,配好,1 ,"1,134,545 ",,99.77%
60255,俗辣,1 ,"1,134,546 ",,99.77%
60256,超怕,1 ,"1,134,547 ",,99.77%
60257,蹦跳,1 ,"1,134,548 ",,99.77%
60258,紐芝蘭樂活,1 ,"1,134,549 ",,99.77%
60259,沙拉吧,1 ,"1,134,550 ",,99.77%
60260,海鮮控,1 ,"1,134,551 ",,99.77%
60261,磨菇,1 ,"1,134,552 ",,99.77%
60262,狂夾,1 ,"1,134,553 ",,99.77%
60263,香甜美,1 ,"1,134,554 ",,99.77%
60264,紅蔥頭,1 ,"1,134,555 ",,99.77%
60265,干貝佐海膽燉飯,1 ,"1,134,556 ",,99.77%
60266,魚種,1 ,"1,134,557 ",,99.77%
60267,推東輝,1 ,"1,134,558 ",,99.77%
60268,韓食館,1 ,"1,134,559 ",,99.77%
60269,韓國料,1 ,"1,134,560 ",,99.77%
60270,飯友,1 ,"1,134,561 ",,99.77%
60271,天曉得,1 ,"1,134,562 ",,99.77%
60272,魂牽夢縈,1 ,"1,134,563 ",,99.77%
60273,斜斜,1 ,"1,134,564 ",,99.77%
60274,肉味,1 ,"1,134,565 ",,99.77%
60275,蒜片,1 ,"1,134,566 ",,99.77%
60276,泡菜,1 ,"1,134,567 ",,99.77%
60277,皓媽,1 ,"1,134,568 ",,99.77%
60278,五花,1 ,"1,134,569 ",,99.77%
60279,驚叫,1 ,"1,134,570 ",,99.77%
60280,看來看去,1 ,"1,134,571 ",,99.77%
60281,沙拉好,1 ,"1,134,572 ",,99.78%
60282,油多,1 ,"1,134,573 ",,99.78%
60283,可頌,1 ,"1,134,574 ",,99.78%
60284,塔塔醬,1 ,"1,134,575 ",,99.78%
60285,魚漿,1 ,"1,134,576 ",,99.78%
60286,蘋果醬,1 ,"1,134,577 ",,99.78%
60287,燒烤店,1 ,"1,134,578 ",,99.78%
60288,油味,1 ,"1,134,579 ",,99.78%
60289,清爽生,1 ,"1,134,580 ",,99.78%
60290,魚片,1 ,"1,134,581 ",,99.78%
60291,微炙干貝握,1 ,"1,134,582 ",,99.78%
60292,胃們,1 ,"1,134,583 ",,99.78%
60293,端出來,1 ,"1,134,584 ",,99.78%
60294,放生,1 ,"1,134,585 ",,99.78%
60295,帥哥哥,1 ,"1,134,586 ",,99.78%
60296,烤出來,1 ,"1,134,587 ",,99.78%
60297,春川,1 ,"1,134,588 ",,99.78%
60298,齁齁齁～～,1 ,"1,134,589 ",,99.78%
60299,超粗,1 ,"1,134,590 ",,99.78%
60300,超飽滿,1 ,"1,134,591 ",,99.78%
60301,水煮,1 ,"1,134,592 ",,99.78%
60302,鬼點,1 ,"1,134,593 ",,99.78%
60303,排骨湯,1 ,"1,134,594 ",,99.78%
60304,銅盤,1 ,"1,134,595 ",,99.78%
60305,鐵盤熱,1 ,"1,134,596 ",,99.78%
60306,鹹到,1 ,"1,134,597 ",,99.78%
60307,辣泡菜,1 ,"1,134,598 ",,99.78%
60308,龍鬚菜,1 ,"1,134,599 ",,99.78%
60309,豬軟,1 ,"1,134,600 ",,99.78%
60310,魚板,1 ,"1,134,601 ",,99.78%
60311,清清淡淡,1 ,"1,134,602 ",,99.78%
60312,朝鮮味,1 ,"1,134,603 ",,99.78%
60313,参,1 ,"1,134,604 ",,99.78%
60314,自取,1 ,"1,134,605 ",,99.78%
60315,郎揪,1 ,"1,134,606 ",,99.78%
60316,肛溫,1 ,"1,134,607 ",,99.78%
60317,不道地,1 ,"1,134,608 ",,99.78%
60318,剛開,1 ,"1,134,609 ",,99.78%
60319,大夯,1 ,"1,134,610 ",,99.78%
60320,韓國味,1 ,"1,134,611 ",,99.78%
60321,焗牛肚,1 ,"1,134,612 ",,99.78%
60322,可口到,1 ,"1,134,613 ",,99.78%
60323,超～～好～～,1 ,"1,134,614 ",,99.78%
60324,松露油,1 ,"1,134,615 ",,99.78%
60325,芥蘭管麵,1 ,"1,134,616 ",,99.78%
60326,旅店,1 ,"1,134,617 ",,99.78%
60327,筆管麵,1 ,"1,134,618 ",,99.78%
60328,歐伊,1 ,"1,134,619 ",,99.78%
60329,辣味兒,1 ,"1,134,620 ",,99.78%
60330,草莓味,1 ,"1,134,621 ",,99.78%
60331,喔～～,1 ,"1,134,622 ",,99.78%
60332,火雞,1 ,"1,134,623 ",,99.78%
60333,超高檔,1 ,"1,134,624 ",,99.78%
60334,富春,1 ,"1,134,625 ",,99.78%
60335,山居,1 ,"1,134,626 ",,99.78%
60336,法雲,1 ,"1,134,627 ",,99.78%
60337,安縵,1 ,"1,134,628 ",,99.78%
60338,星級,1 ,"1,134,629 ",,99.78%
60339,亭,1 ,"1,134,630 ",,99.78%
60340,石板路,1 ,"1,134,631 ",,99.78%
60341,擦擦汗,1 ,"1,134,632 ",,99.78%
60342,盹兒,1 ,"1,134,633 ",,99.78%
60343,曦,1 ,"1,134,634 ",,99.78%
60344,靈隱寺,1 ,"1,134,635 ",,99.78%
60345,姊妹力,1 ,"1,134,636 ",,99.78%
60346,薦法,1 ,"1,134,637 ",,99.78%
60347,誤會法,1 ,"1,134,638 ",,99.78%
60348,耶～～,1 ,"1,134,639 ",,99.78%
60349,中國味,1 ,"1,134,640 ",,99.78%
60350,西餐,1 ,"1,134,641 ",,99.78%
60351,遊完,1 ,"1,134,642 ",,99.78%
60352,羊肉界,1 ,"1,134,643 ",,99.78%
60353,發直,1 ,"1,134,644 ",,99.78%
60354,飽到,1 ,"1,134,645 ",,99.78%
60355,報房號,1 ,"1,134,646 ",,99.78%
60356,芝麻餅,1 ,"1,134,647 ",,99.78%
60357,羅漢齋,1 ,"1,134,648 ",,99.78%
60358,蝦握,1 ,"1,134,649 ",,99.78%
60359,美生菜,1 ,"1,134,650 ",,99.78%
60360,烏骨雞,1 ,"1,134,651 ",,99.78%
60361,超歐伊,1 ,"1,134,652 ",,99.78%
60362,超大盆,1 ,"1,134,653 ",,99.78%
60363,超氣派,1 ,"1,134,654 ",,99.78%
60364,東街,1 ,"1,134,655 ",,99.78%
60365,端起來,1 ,"1,134,656 ",,99.78%
60366,機歪,1 ,"1,134,657 ",,99.78%
60367,炸粉,1 ,"1,134,658 ",,99.78%
60368,滝波,1 ,"1,134,659 ",,99.78%
60369,超可口海膽,1 ,"1,134,660 ",,99.78%
60370,超奢侈,1 ,"1,134,661 ",,99.78%
60371,假人山人海,1 ,"1,134,662 ",,99.78%
60372,綠蠵龜,1 ,"1,134,663 ",,99.78%
60373,小琉球行,1 ,"1,134,664 ",,99.78%
60374,北部人,1 ,"1,134,665 ",,99.78%
60375,滑滑手機,1 ,"1,134,666 ",,99.78%
60376,開休,1 ,"1,134,667 ",,99.78%
60377,旅車,1 ,"1,134,668 ",,99.78%
60378,海景房,1 ,"1,134,669 ",,99.78%
60379,溫體牛,1 ,"1,134,670 ",,99.78%
60380,琵琶肉,1 ,"1,134,671 ",,99.78%
60381,大蒜精,1 ,"1,134,672 ",,99.78%
60382,辛拉麵,1 ,"1,134,673 ",,99.78%
60383,豬味,1 ,"1,134,674 ",,99.78%
60384,筍絲,1 ,"1,134,675 ",,99.78%
60385,喝光光,1 ,"1,134,676 ",,99.78%
60386,兼賣,1 ,"1,134,677 ",,99.78%
60387,漢堡類,1 ,"1,134,678 ",,99.78%
60388,東海店,1 ,"1,134,679 ",,99.78%
60389,國稅,1 ,"1,134,680 ",,99.78%
60390,俗套,1 ,"1,134,681 ",,99.78%
60391,筋性,1 ,"1,134,682 ",,99.78%
60392,痕,1 ,"1,134,683 ",,99.78%
60393,邊邊,1 ,"1,134,684 ",,99.78%
60394,醇苦,1 ,"1,134,685 ",,99.78%
60395,顧名思意,1 ,"1,134,686 ",,99.79%
60396,醇苦味,1 ,"1,134,687 ",,99.79%
60397,廣興路,1 ,"1,134,688 ",,99.79%
60398,落羽松,1 ,"1,134,689 ",,99.79%
60399,蕭澀,1 ,"1,134,690 ",,99.79%
60400,香杉,1 ,"1,134,691 ",,99.79%
60401,清粥,1 ,"1,134,692 ",,99.79%
60402,烤吐司,1 ,"1,134,693 ",,99.79%
60403,旅沐,1 ,"1,134,694 ",,99.79%
60404,格友,1 ,"1,134,695 ",,99.79%
60405,馬齡薯,1 ,"1,134,696 ",,99.79%
60406,歐姆蛋,1 ,"1,134,697 ",,99.79%
60407,豪邁型,1 ,"1,134,698 ",,99.79%
60408,蛋液會,1 ,"1,134,699 ",,99.79%
60409,生起司,1 ,"1,134,700 ",,99.79%
60410,出餐,1 ,"1,134,701 ",,99.79%
60411,酥脆脆,1 ,"1,134,702 ",,99.79%
60412,烏梅汁,1 ,"1,134,703 ",,99.79%
60413,油解膩,1 ,"1,134,704 ",,99.79%
60414,金針菇,1 ,"1,134,705 ",,99.79%
60415,筍子,1 ,"1,134,706 ",,99.79%
60416,獅子頭,1 ,"1,134,707 ",,99.79%
60417,滿清爽,1 ,"1,134,708 ",,99.79%
60418,乾柴,1 ,"1,134,709 ",,99.79%
60419,油膩度,1 ,"1,134,710 ",,99.79%
60420,胡椒味,1 ,"1,134,711 ",,99.79%
60421,璇為,1 ,"1,134,712 ",,99.79%
60422,中高價位,1 ,"1,134,713 ",,99.79%
60423,魚貨,1 ,"1,134,714 ",,99.79%
60424,現點現,1 ,"1,134,715 ",,99.79%
60425,自磨,1 ,"1,134,716 ",,99.79%
60426,撈現,1 ,"1,134,717 ",,99.79%
60427,炒物,1 ,"1,134,718 ",,99.79%
60428,丼飯,1 ,"1,134,719 ",,99.79%
60429,鼎鼎,1 ,"1,134,720 ",,99.79%
60430,干超,1 ,"1,134,721 ",,99.79%
60431,日本味,1 ,"1,134,722 ",,99.79%
60432,築地,1 ,"1,134,723 ",,99.79%
60433,吮指,1 ,"1,134,724 ",,99.79%
60434,散壽司,1 ,"1,134,725 ",,99.79%
60435,肉捲,1 ,"1,134,726 ",,99.79%
60436,呈裝,1 ,"1,134,727 ",,99.79%
60437,咖啡單,1 ,"1,134,728 ",,99.79%
60438,史多倫,1 ,"1,134,729 ",,99.79%
60439,奶霜,1 ,"1,134,730 ",,99.79%
60440,杏仁味,1 ,"1,134,731 ",,99.79%
60441,御奉,1 ,"1,134,732 ",,99.79%
60442,茗茶,1 ,"1,134,733 ",,99.79%
60443,茶品,1 ,"1,134,734 ",,99.79%
60444,南瓜湯,1 ,"1,134,735 ",,99.79%
60445,粉調,1 ,"1,134,736 ",,99.79%
60446,期待值,1 ,"1,134,737 ",,99.79%
60447,起司粉,1 ,"1,134,738 ",,99.79%
60448,栗法式,1 ,"1,134,739 ",,99.79%
60449,櫃上,1 ,"1,134,740 ",,99.79%
60450,展示品,1 ,"1,134,741 ",,99.79%
60451,目覺,1 ,"1,134,742 ",,99.79%
60452,濃郁度,1 ,"1,134,743 ",,99.79%
60453,佐以油醋醬,1 ,"1,134,744 ",,99.79%
60454,硬法,1 ,"1,134,745 ",,99.79%
60455,酒香味,1 ,"1,134,746 ",,99.79%
60456,冰釀,1 ,"1,134,747 ",,99.79%
60457,核果味,1 ,"1,134,748 ",,99.79%
60458,麵衣,1 ,"1,134,749 ",,99.79%
60459,超豐富,1 ,"1,134,750 ",,99.79%
60460,鮮果,1 ,"1,134,751 ",,99.79%
60461,滿意外,1 ,"1,134,752 ",,99.79%
60462,冰火,1 ,"1,134,753 ",,99.79%
60463,瑕不掩瑜,1 ,"1,134,754 ",,99.79%
60464,牧島,1 ,"1,134,755 ",,99.79%
60465,燒肉界,1 ,"1,134,756 ",,99.79%
60466,松露醬,1 ,"1,134,757 ",,99.79%
60467,出食,1 ,"1,134,758 ",,99.79%
60468,小玩意兒,1 ,"1,134,759 ",,99.79%
60469,脊,1 ,"1,134,760 ",,99.79%
60470,熟知璇,1 ,"1,134,761 ",,99.79%
60471,比目,1 ,"1,134,762 ",,99.79%
60472,含油量,1 ,"1,134,763 ",,99.79%
60473,醋飯,1 ,"1,134,764 ",,99.79%
60474,沾現磨,1 ,"1,134,765 ",,99.79%
60475,三星蔥,1 ,"1,134,766 ",,99.79%
60476,蔥醬,1 ,"1,134,767 ",,99.79%
60477,焦黃,1 ,"1,134,768 ",,99.79%
60478,香吉士,1 ,"1,134,769 ",,99.79%
60479,品嚐法式,1 ,"1,134,770 ",,99.79%
60480,岩鹽,1 ,"1,134,771 ",,99.79%
60481,沾附柚,1 ,"1,134,772 ",,99.79%
60482,檸,1 ,"1,134,773 ",,99.79%
60483,尼佐覆,1 ,"1,134,774 ",,99.79%
60484,莫凡彼,1 ,"1,134,775 ",,99.79%
60485,沾附覆,1 ,"1,134,776 ",,99.79%
60486,茗,1 ,"1,134,777 ",,99.79%
60487,甘味處,1 ,"1,134,778 ",,99.79%
60488,永康街,1 ,"1,134,779 ",,99.79%
60489,樂麵屋,1 ,"1,134,780 ",,99.79%
60490,繞來清,1 ,"1,134,781 ",,99.79%
60491,紅豆綿,1 ,"1,134,782 ",,99.79%
60492,蒟蒻,1 ,"1,134,783 ",,99.79%
60493,紅豆泥,1 ,"1,134,784 ",,99.79%
60494,杏仁片,1 ,"1,134,785 ",,99.79%
60495,茶控,1 ,"1,134,786 ",,99.79%
60496,茶味,1 ,"1,134,787 ",,99.79%
60497,厥,1 ,"1,134,788 ",,99.79%
60498,正宗,1 ,"1,134,789 ",,99.79%
60499,炸好,1 ,"1,134,790 ",,99.79%
60500,濾檯,1 ,"1,134,791 ",,99.79%
60501,裝袋,1 ,"1,134,792 ",,99.79%
60502,咖理味,1 ,"1,134,793 ",,99.79%
60503,咬下屑屑,1 ,"1,134,794 ",,99.79%
60504,會掉,1 ,"1,134,795 ",,99.79%
60505,噴到,1 ,"1,134,796 ",,99.79%
60506,看起士,1 ,"1,134,797 ",,99.79%
60507,酒香氣,1 ,"1,134,798 ",,99.79%
60508,糖心,1 ,"1,134,799 ",,99.80%
60509,燻香,1 ,"1,134,800 ",,99.80%
60510,櫛,1 ,"1,134,801 ",,99.80%
60511,清清爽爽,1 ,"1,134,802 ",,99.80%
60512,蘊出,1 ,"1,134,803 ",,99.80%
60513,挑起,1 ,"1,134,804 ",,99.80%
60514,衣索比亞,1 ,"1,134,805 ",,99.80%
60515,柑橘香,1 ,"1,134,806 ",,99.80%
60516,耶加雪,1 ,"1,134,807 ",,99.80%
60517,果酸味,1 ,"1,134,808 ",,99.80%
60518,皮絲,1 ,"1,134,809 ",,99.80%
60519,高梁,1 ,"1,134,810 ",,99.80%
60520,丸龜製麵,1 ,"1,134,811 ",,99.80%
60521,挾天婦羅,1 ,"1,134,812 ",,99.80%
60522,漫無目的地,1 ,"1,134,813 ",,99.80%
60523,天婦羅,1 ,"1,134,814 ",,99.80%
60524,可樂餅,1 ,"1,134,815 ",,99.80%
60525,青椒,1 ,"1,134,816 ",,99.80%
60526,炸天婦羅瀝油,1 ,"1,134,817 ",,99.80%
60527,吳留手,1 ,"1,134,818 ",,99.80%
60528,報信,1 ,"1,134,819 ",,99.80%
60529,揪團,1 ,"1,134,820 ",,99.80%
60530,食伴,1 ,"1,134,821 ",,99.80%
60531,懼魚症,1 ,"1,134,822 ",,99.80%
60532,蛤蠣,1 ,"1,134,823 ",,99.80%
60533,金沙,1 ,"1,134,824 ",,99.80%
60534,外皮酥,1 ,"1,134,825 ",,99.80%
60535,炙燒生,1 ,"1,134,826 ",,99.80%
60536,彈牙,1 ,"1,134,827 ",,99.80%
60537,燒香氣,1 ,"1,134,828 ",,99.80%
60538,牛肝菌,1 ,"1,134,829 ",,99.80%
60539,起士兒,1 ,"1,134,830 ",,99.80%
60540,格蕾朵,1 ,"1,134,831 ",,99.80%
60541,姆,1 ,"1,134,832 ",,99.80%
60542,鴻團長,1 ,"1,134,833 ",,99.80%
60543,勞塞,1 ,"1,134,834 ",,99.80%
60544,盅,1 ,"1,134,835 ",,99.80%
60545,金帛霜,1 ,"1,134,836 ",,99.80%
60546,辯識度,1 ,"1,134,837 ",,99.80%
60547,咖哩香,1 ,"1,134,838 ",,99.80%
60548,卡布奇諾蟹肉,1 ,"1,134,839 ",,99.80%
60549,羅姐,1 ,"1,134,840 ",,99.80%
60550,湯頭好,1 ,"1,134,841 ",,99.80%
60551,入喉,1 ,"1,134,842 ",,99.80%
60552,燉到,1 ,"1,134,843 ",,99.80%
60553,酥派,1 ,"1,134,844 ",,99.80%
60554,法森,1 ,"1,134,845 ",,99.80%
60555,樸儷,1 ,"1,134,846 ",,99.80%
60556,沙芙琳,1 ,"1,134,847 ",,99.80%
60557,凹式,1 ,"1,134,848 ",,99.80%
60558,日盛,1 ,"1,134,849 ",,99.80%
60559,過軟,1 ,"1,134,850 ",,99.80%
60560,金泊,1 ,"1,134,851 ",,99.80%
60561,做夢夢到,1 ,"1,134,852 ",,99.80%
60562,切下去,1 ,"1,134,853 ",,99.80%
60563,好吃到,1 ,"1,134,854 ",,99.80%
60564,滑嫰,1 ,"1,134,855 ",,99.80%
60565,糊椒,1 ,"1,134,856 ",,99.80%
60566,茶香氣,1 ,"1,134,857 ",,99.80%
60567,澎鬆型,1 ,"1,134,858 ",,99.80%
60568,干醬,1 ,"1,134,859 ",,99.80%
60569,輕脆,1 ,"1,134,860 ",,99.80%
60570,偏軟,1 ,"1,134,861 ",,99.80%
60571,超威,1 ,"1,134,862 ",,99.80%
60572,瞄到,1 ,"1,134,863 ",,99.80%
60573,米朗琪,1 ,"1,134,864 ",,99.80%
60574,杏桃鬆餅屋,1 ,"1,134,865 ",,99.80%
60575,咬吐司,1 ,"1,134,866 ",,99.80%
60576,砍下去,1 ,"1,134,867 ",,99.80%
60577,楓糖醬,1 ,"1,134,868 ",,99.80%
60578,紮實感,1 ,"1,134,869 ",,99.80%
60579,卡喉,1 ,"1,134,870 ",,99.80%
60580,好不好吃,1 ,"1,134,871 ",,99.80%
60581,嗑掉,1 ,"1,134,872 ",,99.80%
60582,瞬,1 ,"1,134,873 ",,99.80%
60583,光用,1 ,"1,134,874 ",,99.80%
60584,接文,1 ,"1,134,875 ",,99.80%
60585,生別,1 ,"1,134,876 ",,99.80%
60586,韓星,1 ,"1,134,877 ",,99.80%
60587,混到,1 ,"1,134,878 ",,99.80%
60588,賓越台泰,1 ,"1,134,879 ",,99.80%
60589,厲,1 ,"1,134,880 ",,99.80%
60590,周末化,1 ,"1,134,881 ",,99.80%
60591,水乳交融,1 ,"1,134,882 ",,99.80%
60592,修飾掉,1 ,"1,134,883 ",,99.80%
60593,燒餅,1 ,"1,134,884 ",,99.80%
60594,芝麻卡,1 ,"1,134,885 ",,99.80%
60595,保濕型,1 ,"1,134,886 ",,99.80%
60596,太陽離,1 ,"1,134,887 ",,99.80%
60597,中午化,1 ,"1,134,888 ",,99.80%
60598,照耀,1 ,"1,134,889 ",,99.80%
60599,唇彩用,1 ,"1,134,890 ",,99.80%
60600,瑕度,1 ,"1,134,891 ",,99.80%
60601,膏液,1 ,"1,134,892 ",,99.80%
60602,化學表,1 ,"1,134,893 ",,99.80%
60603,變性,1 ,"1,134,894 ",,99.80%
60604,二獎,1 ,"1,134,895 ",,99.80%
60605,肌妝感,1 ,"1,134,896 ",,99.80%
60606,硬朗,1 ,"1,134,897 ",,99.80%
60607,跟索爾,1 ,"1,134,898 ",,99.80%
60608,西施,1 ,"1,134,899 ",,99.80%
60609,奶子,1 ,"1,134,900 ",,99.80%
60610,灰姑丈,1 ,"1,134,901 ",,99.80%
60611,廝混,1 ,"1,134,902 ",,99.80%
60612,粉蓋住,1 ,"1,134,903 ",,99.80%
60613,出生入死,1 ,"1,134,904 ",,99.80%
60614,瞎說,1 ,"1,134,905 ",,99.80%
60615,囤,1 ,"1,134,906 ",,99.80%
60616,夏秋,1 ,"1,134,907 ",,99.80%
60617,春用,1 ,"1,134,908 ",,99.80%
60618,喔好,1 ,"1,134,909 ",,99.80%
60619,麥克筆,1 ,"1,134,910 ",,99.80%
60620,冒險島,1 ,"1,134,911 ",,99.80%
60621,放給,1 ,"1,134,912 ",,99.80%
60622,吸收性,1 ,"1,134,913 ",,99.81%
60623,速料料,1 ,"1,134,914 ",,99.81%
60624,柔滑性,1 ,"1,134,915 ",,99.81%
60625,附著性,1 ,"1,134,916 ",,99.81%
60626,絨膜性,1 ,"1,134,917 ",,99.81%
60627,超細超,1 ,"1,134,918 ",,99.81%
60628,超細,1 ,"1,134,919 ",,99.81%
60629,微分子,1 ,"1,134,920 ",,99.81%
60630,攻破,1 ,"1,134,921 ",,99.81%
60631,隔離乳,1 ,"1,134,922 ",,99.81%
60632,泰拉,1 ,"1,134,923 ",,99.81%
60633,塗臉,1 ,"1,134,924 ",,99.81%
60634,凡士林,1 ,"1,134,925 ",,99.81%
60635,雪橇犬,1 ,"1,134,926 ",,99.81%
60636,壓過,1 ,"1,134,927 ",,99.81%
60637,微白白,1 ,"1,134,928 ",,99.81%
60638,跳下,1 ,"1,134,929 ",,99.81%
60639,料料,1 ,"1,134,930 ",,99.81%
60640,燈光澤,1 ,"1,134,931 ",,99.81%
60641,花順,1 ,"1,134,932 ",,99.81%
60642,書達禮,1 ,"1,134,933 ",,99.81%
60643,貪便宜,1 ,"1,134,934 ",,99.81%
60644,扭斷,1 ,"1,134,935 ",,99.81%
60645,低低,1 ,"1,134,936 ",,99.81%
60646,潘娜,1 ,"1,134,937 ",,99.81%
60647,海豹,1 ,"1,134,938 ",,99.81%
60648,老日,1 ,"1,134,939 ",,99.81%
60649,活脫脫,1 ,"1,134,940 ",,99.81%
60650,聖旨,1 ,"1,134,941 ",,99.81%
60651,跳車,1 ,"1,134,942 ",,99.81%
60652,置物櫃區,1 ,"1,134,943 ",,99.81%
60653,找空,1 ,"1,134,944 ",,99.81%
60654,霍格華茲,1 ,"1,134,945 ",,99.81%
60655,紀念品店,1 ,"1,134,946 ",,99.81%
60656,柏蒂,1 ,"1,134,947 ",,99.81%
60657,回轟,1 ,"1,134,948 ",,99.81%
60658,大丈夫,1 ,"1,134,949 ",,99.81%
60659,巫師袍,1 ,"1,134,950 ",,99.81%
60660,海賊,1 ,"1,134,951 ",,99.81%
60661,王喬巴,1 ,"1,134,952 ",,99.81%
60662,造型帽,1 ,"1,134,953 ",,99.81%
60663,台榮恩,1 ,"1,134,954 ",,99.81%
60664,衣服藥,1 ,"1,134,955 ",,99.81%
60665,面壁,1 ,"1,134,956 ",,99.81%
60666,薄皮,1 ,"1,134,957 ",,99.81%
60667,比薩,1 ,"1,134,958 ",,99.81%
60668,承受不住,1 ,"1,134,959 ",,99.81%
60669,調戲,1 ,"1,134,960 ",,99.81%
60670,一見傾心,1 ,"1,134,961 ",,99.81%
60671,歐美感,1 ,"1,134,962 ",,99.81%
60672,以志玲,1 ,"1,134,963 ",,99.81%
60673,副有,1 ,"1,134,964 ",,99.81%
60674,眼影盤,1 ,"1,134,965 ",,99.81%
60675,吊銷,1 ,"1,134,966 ",,99.81%
60676,閨房,1 ,"1,134,967 ",,99.81%
60677,師團,1 ,"1,134,968 ",,99.81%
60678,購到,1 ,"1,134,969 ",,99.81%
60679,櫃哥櫃,1 ,"1,134,970 ",,99.81%
60680,站櫃,1 ,"1,134,971 ",,99.81%
60681,砸毀,1 ,"1,134,972 ",,99.81%
60682,碰菜瓜布,1 ,"1,134,973 ",,99.81%
60683,摔死,1 ,"1,134,974 ",,99.81%
60684,爬上去,1 ,"1,134,975 ",,99.81%
60685,邱女,1 ,"1,134,976 ",,99.81%
60686,車勝,1 ,"1,134,977 ",,99.81%
60687,言印,1 ,"1,134,978 ",,99.81%
60688,白天出來,1 ,"1,134,979 ",,99.81%
60689,燒死,1 ,"1,134,980 ",,99.81%
60690,寶嘉康蒂,1 ,"1,134,981 ",,99.81%
60691,流光光,1 ,"1,134,982 ",,99.81%
60692,靚,1 ,"1,134,983 ",,99.81%
60693,鎖好,1 ,"1,134,984 ",,99.81%
60694,小水膜,1 ,"1,134,985 ",,99.81%
60695,廉恥,1 ,"1,134,986 ",,99.81%
60696,可爾必思,1 ,"1,134,987 ",,99.81%
60697,流下來,1 ,"1,134,988 ",,99.81%
60698,死當,1 ,"1,134,989 ",,99.81%
60699,死巴,1 ,"1,134,990 ",,99.81%
60700,防曬劑,1 ,"1,134,991 ",,99.81%
60701,致癌性,1 ,"1,134,992 ",,99.81%
60702,黑手黨,1 ,"1,134,993 ",,99.81%
60703,大珠小珠,1 ,"1,134,994 ",,99.81%
60704,沖完,1 ,"1,134,995 ",,99.81%
60705,水都,1 ,"1,134,996 ",,99.81%
60706,爛泥,1 ,"1,134,997 ",,99.81%
60707,珠兒,1 ,"1,134,998 ",,99.81%
60708,黏蠅板,1 ,"1,134,999 ",,99.81%
60709,姿色,1 ,"1,135,000 ",,99.81%
60710,奶媽,1 ,"1,135,001 ",,99.81%
60711,嫁進,1 ,"1,135,002 ",,99.81%
60712,噢死,1 ,"1,135,003 ",,99.81%
60713,懈,1 ,"1,135,004 ",,99.81%
60714,包妹,1 ,"1,135,005 ",,99.81%
60715,迪奧星球,1 ,"1,135,006 ",,99.81%
60716,老夫妻,1 ,"1,135,007 ",,99.81%
60717,邀稿,1 ,"1,135,008 ",,99.81%
60718,猛攻,1 ,"1,135,009 ",,99.81%
60719,超敷衍,1 ,"1,135,010 ",,99.81%
60720,乾爸,1 ,"1,135,011 ",,99.81%
60721,抽換,1 ,"1,135,012 ",,99.81%
60722,微整,1 ,"1,135,013 ",,99.81%
60723,攻擊式,1 ,"1,135,014 ",,99.81%
60724,小泡芙,1 ,"1,135,015 ",,99.81%
60725,大泡芙,1 ,"1,135,016 ",,99.81%
60726,芙,1 ,"1,135,017 ",,99.81%
60727,撒旦,1 ,"1,135,018 ",,99.81%
60728,火燒,1 ,"1,135,019 ",,99.81%
60729,日日去,1 ,"1,135,020 ",,99.81%
60730,選手級,1 ,"1,135,021 ",,99.81%
60731,巨石,1 ,"1,135,022 ",,99.81%
60732,馮迪索,1 ,"1,135,023 ",,99.81%
60733,飛標,1 ,"1,135,024 ",,99.81%
60734,諧,1 ,"1,135,025 ",,99.81%
60735,嗓,1 ,"1,135,026 ",,99.81%
60736,鄧文迪,1 ,"1,135,027 ",,99.82%
60737,陸妹,1 ,"1,135,028 ",,99.82%
60738,請請,1 ,"1,135,029 ",,99.82%
60739,佛祖,1 ,"1,135,030 ",,99.82%
60740,二百五,1 ,"1,135,031 ",,99.82%
60741,表弟妹,1 ,"1,135,032 ",,99.82%
60742,大推啾咪,1 ,"1,135,033 ",,99.82%
60743,高僧,1 ,"1,135,034 ",,99.82%
60744,種目,1 ,"1,135,035 ",,99.82%
60745,清潔用,1 ,"1,135,036 ",,99.82%
60746,拔除式,1 ,"1,135,037 ",,99.82%
60747,拔起來,1 ,"1,135,038 ",,99.82%
60748,妹們,1 ,"1,135,039 ",,99.82%
60749,腳色,1 ,"1,135,040 ",,99.82%
60750,櫃姐,1 ,"1,135,041 ",,99.82%
60751,敷完,1 ,"1,135,042 ",,99.82%
60752,挖洞,1 ,"1,135,043 ",,99.82%
60753,完命,1 ,"1,135,044 ",,99.82%
60754,念念,1 ,"1,135,045 ",,99.82%
60755,心經,1 ,"1,135,046 ",,99.82%
60756,泥巴型,1 ,"1,135,047 ",,99.82%
60757,保濕類,1 ,"1,135,048 ",,99.82%
60758,勞賽,1 ,"1,135,049 ",,99.82%
60759,脫肛,1 ,"1,135,050 ",,99.82%
60760,加乳化劑,1 ,"1,135,051 ",,99.82%
60761,活性劑,1 ,"1,135,052 ",,99.82%
60762,脂肪醇,1 ,"1,135,053 ",,99.82%
60763,名子,1 ,"1,135,054 ",,99.82%
60764,落賽,1 ,"1,135,055 ",,99.82%
60765,查某,1 ,"1,135,056 ",,99.82%
60766,蕊加,1 ,"1,135,057 ",,99.82%
60767,敷面,1 ,"1,135,058 ",,99.82%
60768,衣請,1 ,"1,135,059 ",,99.82%
60769,逛熱,1 ,"1,135,060 ",,99.82%
60770,磨毛,1 ,"1,135,061 ",,99.82%
60771,縮小腹,1 ,"1,135,062 ",,99.82%
60772,內裡,1 ,"1,135,063 ",,99.82%
60773,刷毛,1 ,"1,135,064 ",,99.82%
60774,超正點,1 ,"1,135,065 ",,99.82%
60775,下標,1 ,"1,135,066 ",,99.82%
60776,大屁屁,1 ,"1,135,067 ",,99.82%
60777,看文,1 ,"1,135,068 ",,99.82%
60778,顯瘦,1 ,"1,135,069 ",,99.82%
60779,麂,1 ,"1,135,070 ",,99.82%
60780,體無完膚,1 ,"1,135,071 ",,99.82%
60781,深灰,1 ,"1,135,072 ",,99.82%
60782,搭品,1 ,"1,135,073 ",,99.82%
60783,搭配法,1 ,"1,135,074 ",,99.82%
60784,分享完,1 ,"1,135,075 ",,99.82%
60785,露背,1 ,"1,135,076 ",,99.82%
60786,低胸,1 ,"1,135,077 ",,99.82%
60787,拼接會,1 ,"1,135,078 ",,99.82%
60788,沒然,1 ,"1,135,079 ",,99.82%
60789,原生髮,1 ,"1,135,080 ",,99.82%
60790,髮文,1 ,"1,135,081 ",,99.82%
60791,頭毛,1 ,"1,135,082 ",,99.82%
60792,亞麻色,1 ,"1,135,083 ",,99.82%
60793,大彎,1 ,"1,135,084 ",,99.82%
60794,大翻領,1 ,"1,135,085 ",,99.82%
60795,灰調,1 ,"1,135,086 ",,99.82%
60796,馬鞍型,1 ,"1,135,087 ",,99.82%
60797,煙燻感,1 ,"1,135,088 ",,99.82%
60798,排釦,1 ,"1,135,089 ",,99.82%
60799,藍灰微,1 ,"1,135,090 ",,99.82%
60800,刷破,1 ,"1,135,091 ",,99.82%
60801,雙帶釦,1 ,"1,135,092 ",,99.82%
60802,漆皮,1 ,"1,135,093 ",,99.82%
60803,楦頭,1 ,"1,135,094 ",,99.82%
60804,腳型,1 ,"1,135,095 ",,99.82%
60805,緞,1 ,"1,135,096 ",,99.82%
60806,輕飄飄,1 ,"1,135,097 ",,99.82%
60807,超微,1 ,"1,135,098 ",,99.82%
60808,化開,1 ,"1,135,099 ",,99.82%
60809,超無暇,1 ,"1,135,100 ",,99.82%
60810,遮瑕力,1 ,"1,135,101 ",,99.82%
60811,粉霜,1 ,"1,135,102 ",,99.82%
60812,櫻桃色,1 ,"1,135,103 ",,99.82%
60813,萃,1 ,"1,135,104 ",,99.82%
60814,暈染法,1 ,"1,135,105 ",,99.82%
60815,超豐厚,1 ,"1,135,106 ",,99.82%
60816,護髮品,1 ,"1,135,107 ",,99.82%
60817,櫃上去,1 ,"1,135,108 ",,99.82%
60818,好了,1 ,"1,135,109 ",,99.82%
60819,對比圖,1 ,"1,135,110 ",,99.82%
60820,檢測儀,1 ,"1,135,111 ",,99.82%
60821,軟髮,1 ,"1,135,112 ",,99.82%
60822,測出來,1 ,"1,135,113 ",,99.82%
60823,絲光柔舞,1 ,"1,135,114 ",,99.82%
60824,髮浴,1 ,"1,135,115 ",,99.82%
60825,補貨,1 ,"1,135,116 ",,99.82%
60826,快用,1 ,"1,135,117 ",,99.82%
60827,乾髮,1 ,"1,135,118 ",,99.82%
60828,水狀,1 ,"1,135,119 ",,99.82%
60829,棉用,1 ,"1,135,120 ",,99.82%
60830,液類,1 ,"1,135,121 ",,99.82%
60831,美膚儀,1 ,"1,135,122 ",,99.82%
60832,啵,1 ,"1,135,123 ",,99.82%
60833,曬出來,1 ,"1,135,124 ",,99.82%
60834,放放,1 ,"1,135,125 ",,99.82%
60835,一年半載,1 ,"1,135,126 ",,99.82%
60836,效合,1 ,"1,135,127 ",,99.82%
60837,單層,1 ,"1,135,128 ",,99.82%
60838,眉眉角角,1 ,"1,135,129 ",,99.82%
60839,大圓裙,1 ,"1,135,130 ",,99.82%
60840,葉脈紋,1 ,"1,135,131 ",,99.82%
60841,附繫,1 ,"1,135,132 ",,99.82%
60842,白肌,1 ,"1,135,133 ",,99.82%
60843,健康肌,1 ,"1,135,134 ",,99.82%
60844,尬意,1 ,"1,135,135 ",,99.82%
60845,飄柔,1 ,"1,135,136 ",,99.82%
60846,擺罩,1 ,"1,135,137 ",,99.82%
60847,子高挑,1 ,"1,135,138 ",,99.82%
60848,魚珠,1 ,"1,135,139 ",,99.82%
60849,頸鍊,1 ,"1,135,140 ",,99.82%
60850,孔孝真,1 ,"1,135,141 ",,99.83%
60851,附同,1 ,"1,135,142 ",,99.83%
60852,蓬度,1 ,"1,135,143 ",,99.83%
60853,發雪,1 ,"1,135,144 ",,99.83%
60854,靴文,1 ,"1,135,145 ",,99.83%
60855,摺疊鞋,1 ,"1,135,146 ",,99.83%
60856,折疊鞋,1 ,"1,135,147 ",,99.83%
60857,珍珠好,1 ,"1,135,148 ",,99.83%
60858,粉餅盒,1 ,"1,135,149 ",,99.83%
60859,金鍊,1 ,"1,135,150 ",,99.83%
60860,銀鍊,1 ,"1,135,151 ",,99.83%
60861,保卡,1 ,"1,135,152 ",,99.83%
60862,繡花,1 ,"1,135,153 ",,99.83%
60863,縷空,1 ,"1,135,154 ",,99.83%
60864,串珠珍珠,1 ,"1,135,155 ",,99.83%
60865,入手款,1 ,"1,135,156 ",,99.83%
60866,輕透感,1 ,"1,135,157 ",,99.83%
60867,打摺,1 ,"1,135,158 ",,99.83%
60868,環扣,1 ,"1,135,159 ",,99.83%
60869,開襟,1 ,"1,135,160 ",,99.83%
60870,褲管,1 ,"1,135,161 ",,99.83%
60871,合腿,1 ,"1,135,162 ",,99.83%
60872,掀起來,1 ,"1,135,163 ",,99.83%
60873,窘狀,1 ,"1,135,164 ",,99.83%
60874,胸墊,1 ,"1,135,165 ",,99.83%
60875,褲褲,1 ,"1,135,166 ",,99.83%
60876,跟班,1 ,"1,135,167 ",,99.83%
60877,乃迪克,1 ,"1,135,168 ",,99.83%
60878,發樓,1 ,"1,135,169 ",,99.83%
60879,穿褲,1 ,"1,135,170 ",,99.83%
60880,超舒適,1 ,"1,135,171 ",,99.83%
60881,超進化肌,1 ,"1,135,172 ",,99.83%
60882,賦活露,1 ,"1,135,173 ",,99.83%
60883,卡粉,1 ,"1,135,174 ",,99.83%
60884,賦活,1 ,"1,135,175 ",,99.83%
60885,珠,1 ,"1,135,176 ",,99.83%
60886,遮到,1 ,"1,135,177 ",,99.83%
60887,修飾度,1 ,"1,135,178 ",,99.83%
60888,外拍,1 ,"1,135,179 ",,99.83%
60889,偏黃,1 ,"1,135,180 ",,99.83%
60890,空氣化,1 ,"1,135,181 ",,99.83%
60891,沾染到,1 ,"1,135,182 ",,99.83%
60892,下圍,1 ,"1,135,183 ",,99.83%
60893,止滑膠,1 ,"1,135,184 ",,99.83%
60894,蕾絲布,1 ,"1,135,185 ",,99.83%
60895,編髮,1 ,"1,135,186 ",,99.83%
60896,水潤,1 ,"1,135,187 ",,99.83%
60897,超立體,1 ,"1,135,188 ",,99.83%
60898,眼妝淡,1 ,"1,135,189 ",,99.83%
60899,晶亮,1 ,"1,135,190 ",,99.83%
60900,絲緞,1 ,"1,135,191 ",,99.83%
60901,唇紋,1 ,"1,135,192 ",,99.83%
60902,脣形,1 ,"1,135,193 ",,99.83%
60903,花絮,1 ,"1,135,194 ",,99.83%
60904,髪,1 ,"1,135,195 ",,99.83%
60905,高規格,1 ,"1,135,196 ",,99.83%
60906,黑白照,1 ,"1,135,197 ",,99.83%
60907,毛線帽,1 ,"1,135,198 ",,99.83%
60908,帽緣,1 ,"1,135,199 ",,99.83%
60909,拿大,1 ,"1,135,200 ",,99.83%
60910,協如出一轍,1 ,"1,135,201 ",,99.83%
60911,聯章,1 ,"1,135,202 ",,99.83%
60912,窮政院,1 ,"1,135,203 ",,99.83%
60913,林俊,1 ,"1,135,204 ",,99.83%
60914,馬九,1 ,"1,135,205 ",,99.83%
60915,珅抄家,1 ,"1,135,206 ",,99.83%
60916,貪官,1 ,"1,135,207 ",,99.83%
60917,發跡,1 ,"1,135,208 ",,99.83%
60918,震東,1 ,"1,135,209 ",,99.83%
60919,單傳,1 ,"1,135,210 ",,99.83%
60920,民政廳長,1 ,"1,135,211 ",,99.83%
60921,府寧南坊,1 ,"1,135,212 ",,99.83%
60922,馬兵營,1 ,"1,135,213 ",,99.83%
60923,一筆勾銷,1 ,"1,135,214 ",,99.83%
60924,籌餉,1 ,"1,135,215 ",,99.83%
60925,作生意,1 ,"1,135,216 ",,99.83%
60926,連戰倆,1 ,"1,135,217 ",,99.83%
60927,二百億,1 ,"1,135,218 ",,99.83%
60928,北企,1 ,"1,135,219 ",,99.83%
60929,收租,1 ,"1,135,220 ",,99.83%
60930,奇跡,1 ,"1,135,221 ",,99.83%
60931,中正一,1 ,"1,135,222 ",,99.83%
60932,絕食,1 ,"1,135,223 ",,99.83%
60933,詢及,1 ,"1,135,224 ",,99.83%
60934,盾牌,1 ,"1,135,225 ",,99.83%
60935,頭盔,1 ,"1,135,226 ",,99.83%
60936,比手無寸鐵,1 ,"1,135,227 ",,99.83%
60937,擼管,1 ,"1,135,228 ",,99.83%
60938,公文書,1 ,"1,135,229 ",,99.83%
60939,眼明手快,1 ,"1,135,230 ",,99.83%
60940,馬茸,1 ,"1,135,231 ",,99.83%
60941,鳳凰衛,1 ,"1,135,232 ",,99.83%
60942,賣國賊,1 ,"1,135,233 ",,99.83%
60943,騙票,1 ,"1,135,234 ",,99.83%
60944,六億多,1 ,"1,135,235 ",,99.83%
60945,血汗錢,1 ,"1,135,236 ",,99.83%
60946,挨告,1 ,"1,135,237 ",,99.83%
60947,六億四千萬,1 ,"1,135,238 ",,99.83%
60948,陳維明,1 ,"1,135,239 ",,99.83%
60949,李錫龍,1 ,"1,135,240 ",,99.83%
60950,反复,1 ,"1,135,241 ",,99.83%
60951,無果,1 ,"1,135,242 ",,99.83%
60952,葉寧,1 ,"1,135,243 ",,99.83%
60953,合同標,1 ,"1,135,244 ",,99.83%
60954,補償性,1 ,"1,135,245 ",,99.83%
60955,周折,1 ,"1,135,246 ",,99.83%
60956,捉,1 ,"1,135,247 ",,99.83%
60957,鴕鳥,1 ,"1,135,248 ",,99.83%
60958,下不了,1 ,"1,135,249 ",,99.83%
60959,林森北,1 ,"1,135,250 ",,99.83%
60960,闖紅燈,1 ,"1,135,251 ",,99.83%
60961,長安東路,1 ,"1,135,252 ",,99.83%
60962,攔阻,1 ,"1,135,253 ",,99.83%
60963,逃逸,1 ,"1,135,254 ",,99.84%
60964,白道,1 ,"1,135,255 ",,99.84%
60965,專幹,1 ,"1,135,256 ",,99.84%
60966,霸道,1 ,"1,135,257 ",,99.84%
60967,唐湘龍,1 ,"1,135,258 ",,99.84%
60968,轉台,1 ,"1,135,259 ",,99.84%
60969,打裂,1 ,"1,135,260 ",,99.84%
60970,以下來,1 ,"1,135,261 ",,99.84%
60971,搓破,1 ,"1,135,262 ",,99.84%
60972,隨扈,1 ,"1,135,263 ",,99.84%
60973,蔡車,1 ,"1,135,264 ",,99.84%
60974,過意不去,1 ,"1,135,265 ",,99.84%
60975,記錄器,1 ,"1,135,266 ",,99.84%
60976,拖進,1 ,"1,135,267 ",,99.84%
60977,直駛,1 ,"1,135,268 ",,99.84%
60978,破成,1 ,"1,135,269 ",,99.84%
60979,法表,1 ,"1,135,270 ",,99.84%
60980,建構式,1 ,"1,135,271 ",,99.84%
60981,打給林,1 ,"1,135,272 ",,99.84%
60982,林見,1 ,"1,135,273 ",,99.84%
60983,噓下台,1 ,"1,135,274 ",,99.84%
60984,高阿,1 ,"1,135,275 ",,99.84%
60985,警民,1 ,"1,135,276 ",,99.84%
60986,磚石,1 ,"1,135,277 ",,99.84%
60987,掀翻,1 ,"1,135,278 ",,99.84%
60988,燒燬,1 ,"1,135,279 ",,99.84%
60989,警車,1 ,"1,135,280 ",,99.84%
60990,率率,1 ,"1,135,281 ",,99.84%
60991,王樂妮,1 ,"1,135,282 ",,99.84%
60992,發帖,1 ,"1,135,283 ",,99.84%
60993,事發區,1 ,"1,135,284 ",,99.84%
60994,傳多,1 ,"1,135,285 ",,99.84%
60995,速刪,1 ,"1,135,286 ",,99.84%
60996,誠惶誠恐,1 ,"1,135,287 ",,99.84%
60997,旦夕,1 ,"1,135,288 ",,99.84%
60998,屠城,1 ,"1,135,289 ",,99.84%
60999,名斷,1 ,"1,135,290 ",,99.84%
61000,警查車,1 ,"1,135,291 ",,99.84%
61001,特警,1 ,"1,135,292 ",,99.84%
61002,茂名市,1 ,"1,135,293 ",,99.84%
61003,下達,1 ,"1,135,294 ",,99.84%
61004,市委,1 ,"1,135,295 ",,99.84%
61005,死命令,1 ,"1,135,296 ",,99.84%
61006,反動,1 ,"1,135,297 ",,99.84%
61007,格殺,1 ,"1,135,298 ",,99.84%
61008,高州,1 ,"1,135,299 ",,99.84%
61009,落實茂,1 ,"1,135,300 ",,99.84%
61010,名市,1 ,"1,135,301 ",,99.84%
61011,中石化,1 ,"1,135,302 ",,99.84%
61012,剪除,1 ,"1,135,303 ",,99.84%
61013,坐實,1 ,"1,135,304 ",,99.84%
61014,共青團,1 ,"1,135,305 ",,99.84%
61015,李春生,1 ,"1,135,306 ",,99.84%
61016,任省,1 ,"1,135,307 ",,99.84%
61017,安廳,1 ,"1,135,308 ",,99.84%
61018,中央政,1 ,"1,135,309 ",,99.84%
61019,法委,1 ,"1,135,310 ",,99.84%
61020,日晚,1 ,"1,135,311 ",,99.84%
61021,化工廠,1 ,"1,135,312 ",,99.84%
61022,掛機,1 ,"1,135,313 ",,99.84%
61023,賴幸媛,1 ,"1,135,314 ",,99.84%
61024,盜圖,1 ,"1,135,315 ",,99.84%
61025,戲演好,1 ,"1,135,316 ",,99.84%
61026,誘拐,1 ,"1,135,317 ",,99.84%
61027,十五分,1 ,"1,135,318 ",,99.84%
61028,東門站,1 ,"1,135,319 ",,99.84%
61029,影帶,1 ,"1,135,320 ",,99.84%
61030,通話鈴,1 ,"1,135,321 ",,99.84%
61031,性為,1 ,"1,135,322 ",,99.84%
61032,轉象山線,1 ,"1,135,323 ",,99.84%
61033,告密,1 ,"1,135,324 ",,99.84%
61034,周男,1 ,"1,135,325 ",,99.84%
61035,新聞室,1 ,"1,135,326 ",,99.84%
61036,荷槍實彈,1 ,"1,135,327 ",,99.84%
61037,盤察,1 ,"1,135,328 ",,99.84%
61038,探監派,1 ,"1,135,329 ",,99.84%
61039,凶手,1 ,"1,135,330 ",,99.84%
61040,碰不得,1 ,"1,135,331 ",,99.84%
61041,林國春,1 ,"1,135,332 ",,99.84%
61042,陳進興,1 ,"1,135,333 ",,99.84%
61043,押人,1 ,"1,135,334 ",,99.84%
61044,刑事組,1 ,"1,135,335 ",,99.84%
61045,朱立倫出來,1 ,"1,135,336 ",,99.84%
61046,凶嫌,1 ,"1,135,337 ",,99.84%
61047,行完,1 ,"1,135,338 ",,99.84%
61048,價格觀,1 ,"1,135,339 ",,99.84%
61049,槍殺案,1 ,"1,135,340 ",,99.84%
61050,德製,1 ,"1,135,341 ",,99.84%
61051,發達姆,1 ,"1,135,342 ",,99.84%
61052,尾款,1 ,"1,135,343 ",,99.84%
61053,水果刀,1 ,"1,135,344 ",,99.84%
61054,特強,1 ,"1,135,345 ",,99.84%
61055,上尉,1 ,"1,135,346 ",,99.84%
61056,守口如瓶,1 ,"1,135,347 ",,99.84%
61057,精幹,1 ,"1,135,348 ",,99.84%
61058,總統級,1 ,"1,135,349 ",,99.84%
61059,哭掉,1 ,"1,135,350 ",,99.84%
61060,淚跡,1 ,"1,135,351 ",,99.84%
61061,清國,1 ,"1,135,352 ",,99.84%
61062,殺氣騰騰,1 ,"1,135,353 ",,99.84%
61063,招認出來,1 ,"1,135,354 ",,99.84%
61064,房產權,1 ,"1,135,355 ",,99.84%
61065,使用權,1 ,"1,135,356 ",,99.84%
61066,身份證,1 ,"1,135,357 ",,99.84%
61067,不配,1 ,"1,135,358 ",,99.84%
61068,租客,1 ,"1,135,359 ",,99.84%
61069,高揮,1 ,"1,135,360 ",,99.84%
61070,為害,1 ,"1,135,361 ",,99.84%
61071,自作孽,1 ,"1,135,362 ",,99.84%
61072,馬英狗,1 ,"1,135,363 ",,99.84%
61073,號令,1 ,"1,135,364 ",,99.84%
61074,還回,1 ,"1,135,365 ",,99.84%
61075,當陽,1 ,"1,135,366 ",,99.84%
61076,拾億,1 ,"1,135,367 ",,99.84%
61077,錘子,1 ,"1,135,368 ",,99.85%
61078,馬政權,1 ,"1,135,369 ",,99.85%
61079,骯髒,1 ,"1,135,370 ",,99.85%
61080,羅織,1 ,"1,135,371 ",,99.85%
61081,反動派,1 ,"1,135,372 ",,99.85%
61082,吳伯雄,1 ,"1,135,373 ",,99.85%
61083,江炳坤,1 ,"1,135,374 ",,99.85%
61084,反共派,1 ,"1,135,375 ",,99.85%
61085,本土派,1 ,"1,135,376 ",,99.85%
61086,軍頭,1 ,"1,135,377 ",,99.85%
61087,爽退案,1 ,"1,135,378 ",,99.85%
61088,好頭路,1 ,"1,135,379 ",,99.85%
61089,門子,1 ,"1,135,380 ",,99.85%
61090,凱子,1 ,"1,135,381 ",,99.85%
61091,世界史,1 ,"1,135,382 ",,99.85%
61092,一千多億,1 ,"1,135,383 ",,99.85%
61093,絕子,1 ,"1,135,384 ",,99.85%
61094,淘空,1 ,"1,135,385 ",,99.85%
61095,單打消,1 ,"1,135,386 ",,99.85%
61096,超貸,1 ,"1,135,387 ",,99.85%
61097,滾下去,1 ,"1,135,388 ",,99.85%
61098,肥羊,1 ,"1,135,389 ",,99.85%
61099,撥削,1 ,"1,135,390 ",,99.85%
61100,領四五萬,1 ,"1,135,391 ",,99.85%
61101,搞到,1 ,"1,135,392 ",,99.85%
61102,什,1 ,"1,135,393 ",,99.85%
61103,台勞,1 ,"1,135,394 ",,99.85%
61104,世世代代,1 ,"1,135,395 ",,99.85%
61105,慣出來,1 ,"1,135,396 ",,99.85%
61106,炒地皮,1 ,"1,135,397 ",,99.85%
61107,內行人,1 ,"1,135,398 ",,99.85%
61108,復華,1 ,"1,135,399 ",,99.85%
61109,買成,1 ,"1,135,400 ",,99.85%
61110,擋下來,1 ,"1,135,401 ",,99.85%
61111,貪污案,1 ,"1,135,402 ",,99.85%
61112,啪啪,1 ,"1,135,403 ",,99.85%
61113,扁家,1 ,"1,135,404 ",,99.85%
61114,傳票,1 ,"1,135,405 ",,99.85%
61115,錄進去,1 ,"1,135,406 ",,99.85%
61116,阿扁出來,1 ,"1,135,407 ",,99.85%
61117,領千萬,1 ,"1,135,408 ",,99.85%
61118,旨,1 ,"1,135,409 ",,99.85%
61119,勒～,1 ,"1,135,410 ",,99.85%
61120,漏氣,1 ,"1,135,411 ",,99.85%
61121,法輪功,1 ,"1,135,412 ",,99.85%
61122,任命權,1 ,"1,135,413 ",,99.85%
61123,警察法,1 ,"1,135,414 ",,99.85%
61124,下放到,1 ,"1,135,415 ",,99.85%
61125,上開,1 ,"1,135,416 ",,99.85%
61126,偷摸,1 ,"1,135,417 ",,99.85%
61127,吊環,1 ,"1,135,418 ",,99.85%
61128,過勒,1 ,"1,135,419 ",,99.85%
61129,下體,1 ,"1,135,420 ",,99.85%
61130,非難,1 ,"1,135,421 ",,99.85%
61131,混道,1 ,"1,135,422 ",,99.85%
61132,推來推,1 ,"1,135,423 ",,99.85%
61133,義氣勒,1 ,"1,135,424 ",,99.85%
61134,林背辦,1 ,"1,135,425 ",,99.85%
61135,王殺夫,1 ,"1,135,426 ",,99.85%
61136,瞳玲,1 ,"1,135,427 ",,99.85%
61137,理賠勒,1 ,"1,135,428 ",,99.85%
61138,共謀,1 ,"1,135,429 ",,99.85%
61139,講好,1 ,"1,135,430 ",,99.85%
61140,策勵,1 ,"1,135,431 ",,99.85%
61141,挺立,1 ,"1,135,432 ",,99.85%
61142,保時捷,1 ,"1,135,433 ",,99.85%
61143,林群森,1 ,"1,135,434 ",,99.85%
61144,鄉鎮里,1 ,"1,135,435 ",,99.85%
61145,上力,1 ,"1,135,436 ",,99.85%
61146,謀定,1 ,"1,135,437 ",,99.85%
61147,後動,1 ,"1,135,438 ",,99.85%
61148,美和市,1 ,"1,135,439 ",,99.85%
61149,機皇,1 ,"1,135,440 ",,99.85%
61150,推出來,1 ,"1,135,441 ",,99.85%
61151,屁用,1 ,"1,135,442 ",,99.85%
61152,余天夫妻,1 ,"1,135,443 ",,99.85%
61153,扳回來,1 ,"1,135,444 ",,99.85%
61154,掛線,1 ,"1,135,445 ",,99.85%
61155,譙,1 ,"1,135,446 ",,99.85%
61156,撂耙子,1 ,"1,135,447 ",,99.85%
61157,告冥狀,1 ,"1,135,448 ",,99.85%
61158,指明,1 ,"1,135,449 ",,99.85%
61159,弄死,1 ,"1,135,450 ",,99.85%
61160,湯姆克魯斯,1 ,"1,135,451 ",,99.85%
61161,撂倒,1 ,"1,135,452 ",,99.85%
61162,失風,1 ,"1,135,453 ",,99.85%
61163,鎖喉,1 ,"1,135,454 ",,99.85%
61164,狠下,1 ,"1,135,455 ",,99.85%
61165,裁量,1 ,"1,135,456 ",,99.85%
61166,考績法,1 ,"1,135,457 ",,99.85%
61167,檢舉案,1 ,"1,135,458 ",,99.85%
61168,情殺案,1 ,"1,135,459 ",,99.85%
61169,粗勇,1 ,"1,135,460 ",,99.85%
61170,照應,1 ,"1,135,461 ",,99.85%
61171,逕行,1 ,"1,135,462 ",,99.85%
61172,脫軌,1 ,"1,135,463 ",,99.85%
61173,審到,1 ,"1,135,464 ",,99.85%
61174,決算案,1 ,"1,135,465 ",,99.85%
61175,決算書,1 ,"1,135,466 ",,99.85%
61176,那羅,1 ,"1,135,467 ",,99.85%
61177,主桌,1 ,"1,135,468 ",,99.85%
61178,當到,1 ,"1,135,469 ",,99.85%
61179,總教頭,1 ,"1,135,470 ",,99.85%
61180,假人,1 ,"1,135,471 ",,99.85%
61181,道貌岸然,1 ,"1,135,472 ",,99.85%
61182,吹噓,1 ,"1,135,473 ",,99.85%
61183,亞斯伯格,1 ,"1,135,474 ",,99.85%
61184,罷凌,1 ,"1,135,475 ",,99.85%
61185,霸凌勒,1 ,"1,135,476 ",,99.85%
61186,辦不了,1 ,"1,135,477 ",,99.85%
61187,惹事,1 ,"1,135,478 ",,99.85%
61188,搞成,1 ,"1,135,479 ",,99.85%
61189,事不干己,1 ,"1,135,480 ",,99.85%
61190,大同小異,1 ,"1,135,481 ",,99.85%
61191,海爬爬山,1 ,"1,135,482 ",,99.86%
61192,醜斃,1 ,"1,135,483 ",,99.86%
61193,林志玲,1 ,"1,135,484 ",,99.86%
61194,中國式,1 ,"1,135,485 ",,99.86%
61195,上翹,1 ,"1,135,486 ",,99.86%
61196,中正廟,1 ,"1,135,487 ",,99.86%
61197,改完,1 ,"1,135,488 ",,99.86%
61198,撫養費,1 ,"1,135,489 ",,99.86%
61199,四百多萬,1 ,"1,135,490 ",,99.86%
61200,解掉,1 ,"1,135,491 ",,99.86%
61201,認賠,1 ,"1,135,492 ",,99.86%
61202,磨出來,1 ,"1,135,493 ",,99.86%
61203,緘默,1 ,"1,135,494 ",,99.86%
61204,押票,1 ,"1,135,495 ",,99.86%
61205,廢紙,1 ,"1,135,496 ",,99.86%
61206,權利勒,1 ,"1,135,497 ",,99.86%
61207,違禁,1 ,"1,135,498 ",,99.86%
61208,施用,1 ,"1,135,499 ",,99.86%
61209,聚賭,1 ,"1,135,500 ",,99.86%
61210,豈能,1 ,"1,135,501 ",,99.86%
61211,正當化,1 ,"1,135,502 ",,99.86%
61212,付清,1 ,"1,135,503 ",,99.86%
61213,告勒,1 ,"1,135,504 ",,99.86%
61214,阿～攤,1 ,"1,135,505 ",,99.86%
61215,六七十,1 ,"1,135,506 ",,99.86%
61216,軀,1 ,"1,135,507 ",,99.86%
61217,林背,1 ,"1,135,508 ",,99.86%
61218,林背能,1 ,"1,135,509 ",,99.86%
61219,蒞庭,1 ,"1,135,510 ",,99.86%
61220,提議人,1 ,"1,135,511 ",,99.86%
61221,尾數,1 ,"1,135,512 ",,99.86%
61222,權術,1 ,"1,135,513 ",,99.86%
61223,核四復活,1 ,"1,135,514 ",,99.86%
61224,立委會,1 ,"1,135,515 ",,99.86%
61225,怪宅,1 ,"1,135,516 ",,99.86%
61226,反核派,1 ,"1,135,517 ",,99.86%
61227,核能派,1 ,"1,135,518 ",,99.86%
61228,銀正雄,1 ,"1,135,519 ",,99.86%
61229,抬轎,1 ,"1,135,520 ",,99.86%
61230,親柯,1 ,"1,135,521 ",,99.86%
61231,引經據典,1 ,"1,135,522 ",,99.86%
61232,論理,1 ,"1,135,523 ",,99.86%
61233,茲事,1 ,"1,135,524 ",,99.86%
61234,論爭,1 ,"1,135,525 ",,99.86%
61235,私傳,1 ,"1,135,526 ",,99.86%
61236,共有,1 ,"1,135,527 ",,99.86%
61237,刺激出,1 ,"1,135,528 ",,99.86%
61238,恥感,1 ,"1,135,529 ",,99.86%
61239,嘗嘗,1 ,"1,135,530 ",,99.86%
61240,天宮,1 ,"1,135,531 ",,99.86%
61241,前哨戰,1 ,"1,135,532 ",,99.86%
61242,點點點點,1 ,"1,135,533 ",,99.86%
61243,屁對,1 ,"1,135,534 ",,99.86%
61244,屁出,1 ,"1,135,535 ",,99.86%
61245,榮團會,1 ,"1,135,536 ",,99.86%
61246,莒光日,1 ,"1,135,537 ",,99.86%
61247,理由伯,1 ,"1,135,538 ",,99.86%
61248,傳染到,1 ,"1,135,539 ",,99.86%
61249,牽上線,1 ,"1,135,540 ",,99.86%
61250,延伸出來,1 ,"1,135,541 ",,99.86%
61251,鄭捷案,1 ,"1,135,542 ",,99.86%
61252,鳥用,1 ,"1,135,543 ",,99.86%
61253,三流,1 ,"1,135,544 ",,99.86%
61254,新人類,1 ,"1,135,545 ",,99.86%
61255,超難,1 ,"1,135,546 ",,99.86%
61256,黨工,1 ,"1,135,547 ",,99.86%
61257,愚人,1 ,"1,135,548 ",,99.86%
61258,愚,1 ,"1,135,549 ",,99.86%
61259,愚到,1 ,"1,135,550 ",,99.86%
61260,焉能,1 ,"1,135,551 ",,99.86%
61261,爭點,1 ,"1,135,552 ",,99.86%
61262,花學,1 ,"1,135,553 ",,99.86%
61263,運勝出,1 ,"1,135,554 ",,99.86%
61264,名嘴,1 ,"1,135,555 ",,99.86%
61265,松山區,1 ,"1,135,556 ",,99.86%
61266,戲語,1 ,"1,135,557 ",,99.86%
61267,趙衍慶,1 ,"1,135,558 ",,99.86%
61268,鬼子,1 ,"1,135,559 ",,99.86%
61269,標標準,1 ,"1,135,560 ",,99.86%
61270,準正正,1 ,"1,135,561 ",,99.86%
61271,山東人,1 ,"1,135,562 ",,99.86%
61272,八路軍,1 ,"1,135,563 ",,99.86%
61273,共黨,1 ,"1,135,564 ",,99.86%
61274,惡絕,1 ,"1,135,565 ",,99.86%
61275,誓不兩立,1 ,"1,135,566 ",,99.86%
61276,嘻笑,1 ,"1,135,567 ",,99.86%
61277,不像話,1 ,"1,135,568 ",,99.86%
61278,陸官,1 ,"1,135,569 ",,99.86%
61279,正期班,1 ,"1,135,570 ",,99.86%
61280,神威無敵,1 ,"1,135,571 ",,99.86%
61281,歪期班,1 ,"1,135,572 ",,99.86%
61282,假藍軍,1 ,"1,135,573 ",,99.86%
61283,峱峱,1 ,"1,135,574 ",,99.86%
61284,氣死,1 ,"1,135,575 ",,99.86%
61285,老先,1 ,"1,135,576 ",,99.86%
61286,買股,1 ,"1,135,577 ",,99.86%
61287,理財力,1 ,"1,135,578 ",,99.86%
61288,生活節,1 ,"1,135,579 ",,99.86%
61289,惰落,1 ,"1,135,580 ",,99.86%
61290,值班室,1 ,"1,135,581 ",,99.86%
61291,一品,1 ,"1,135,582 ",,99.86%
61292,豪宅爽爽,1 ,"1,135,583 ",,99.86%
61293,靡爛,1 ,"1,135,584 ",,99.86%
61294,像話,1 ,"1,135,585 ",,99.86%
61295,正藍軍,1 ,"1,135,586 ",,99.86%
61296,趙少康,1 ,"1,135,587 ",,99.86%
61297,邏輯性,1 ,"1,135,588 ",,99.86%
61298,俗名為,1 ,"1,135,589 ",,99.86%
61299,思考期,1 ,"1,135,590 ",,99.86%
61300,衝擊性,1 ,"1,135,591 ",,99.86%
61301,歐巴桑,1 ,"1,135,592 ",,99.86%
61302,低能,1 ,"1,135,593 ",,99.86%
61303,大呼小叫式,1 ,"1,135,594 ",,99.86%
61304,起作用,1 ,"1,135,595 ",,99.87%
61305,遊擊,1 ,"1,135,596 ",,99.87%
61306,好死不死,1 ,"1,135,597 ",,99.87%
61307,三四十來,1 ,"1,135,598 ",,99.87%
61308,亂來,1 ,"1,135,599 ",,99.87%
61309,五六十萬,1 ,"1,135,600 ",,99.87%
61310,裡子,1 ,"1,135,601 ",,99.87%
61311,擺弄,1 ,"1,135,602 ",,99.87%
61312,光天化日,1 ,"1,135,603 ",,99.87%
61313,猥褻罪,1 ,"1,135,604 ",,99.87%
61314,殺警案,1 ,"1,135,605 ",,99.87%
61315,懷疑聲,1 ,"1,135,606 ",,99.87%
61316,均衡點,1 ,"1,135,607 ",,99.87%
61317,得了,1 ,"1,135,608 ",,99.87%
61318,人情力,1 ,"1,135,609 ",,99.87%
61319,內在善,1 ,"1,135,610 ",,99.87%
61320,打妄語,1 ,"1,135,611 ",,99.87%
61321,市儈,1 ,"1,135,612 ",,99.87%
61322,賣身,1 ,"1,135,613 ",,99.87%
61323,自封為,1 ,"1,135,614 ",,99.87%
61324,東量,1 ,"1,135,615 ",,99.87%
61325,西比,1 ,"1,135,616 ",,99.87%
61326,修道,1 ,"1,135,617 ",,99.87%
61327,反連,1 ,"1,135,618 ",,99.87%
61328,緊緊張張,1 ,"1,135,619 ",,99.87%
61329,投連,1 ,"1,135,620 ",,99.87%
61330,文宣票,1 ,"1,135,621 ",,99.87%
61331,操作法,1 ,"1,135,622 ",,99.87%
61332,轉錄,1 ,"1,135,623 ",,99.87%
61333,打屁,1 ,"1,135,624 ",,99.87%
61334,控票法,1 ,"1,135,625 ",,99.87%
61335,組織部,1 ,"1,135,626 ",,99.87%
61336,固票,1 ,"1,135,627 ",,99.87%
61337,中立票,1 ,"1,135,628 ",,99.87%
61338,牆腳,1 ,"1,135,629 ",,99.87%
61339,投柯,1 ,"1,135,630 ",,99.87%
61340,興旺,1 ,"1,135,631 ",,99.87%
61341,指用,1 ,"1,135,632 ",,99.87%
61342,五龍治水,1 ,"1,135,633 ",,99.87%
61343,藏起,1 ,"1,135,634 ",,99.87%
61344,視破,1 ,"1,135,635 ",,99.87%
61345,阿我,1 ,"1,135,636 ",,99.87%
61346,低能到,1 ,"1,135,637 ",,99.87%
61347,台派,1 ,"1,135,638 ",,99.87%
61348,奈米級,1 ,"1,135,639 ",,99.87%
61349,電爆,1 ,"1,135,640 ",,99.87%
61350,老朋,1 ,"1,135,641 ",,99.87%
61351,老獨派,1 ,"1,135,642 ",,99.87%
61352,放炮,1 ,"1,135,643 ",,99.87%
61353,台獨票,1 ,"1,135,644 ",,99.87%
61354,宜康,1 ,"1,135,645 ",,99.87%
61355,蹲點,1 ,"1,135,646 ",,99.87%
61356,段宜康,1 ,"1,135,647 ",,99.87%
61357,強到,1 ,"1,135,648 ",,99.87%
61358,王建煊,1 ,"1,135,649 ",,99.87%
61359,王棄保,1 ,"1,135,650 ",,99.87%
61360,沙姆伊斯蘭國,1 ,"1,135,651 ",,99.87%
61361,演變出來,1 ,"1,135,652 ",,99.87%
61362,洪流所,1 ,"1,135,653 ",,99.87%
61363,演化出來,1 ,"1,135,654 ",,99.87%
61364,真空帶,1 ,"1,135,655 ",,99.87%
61365,轉變出,1 ,"1,135,656 ",,99.87%
61366,地球村,1 ,"1,135,657 ",,99.87%
61367,同路人,1 ,"1,135,658 ",,99.87%
61368,勦匪,1 ,"1,135,659 ",,99.87%
61369,互幹,1 ,"1,135,660 ",,99.87%
61370,挫賽,1 ,"1,135,661 ",,99.87%
61371,打過來,1 ,"1,135,662 ",,99.87%
61372,搞不定,1 ,"1,135,663 ",,99.87%
61373,帆廷,1 ,"1,135,664 ",,99.87%
61374,稱帝,1 ,"1,135,665 ",,99.87%
61375,賣馬卡龍,1 ,"1,135,666 ",,99.87%
61376,首長型,1 ,"1,135,667 ",,99.87%
61377,八九成,1 ,"1,135,668 ",,99.87%
61378,懶洋洋,1 ,"1,135,669 ",,99.87%
61379,做主,1 ,"1,135,670 ",,99.87%
61380,隔局,1 ,"1,135,671 ",,99.87%
61381,開上去,1 ,"1,135,672 ",,99.87%
61382,直覺式,1 ,"1,135,673 ",,99.87%
61383,搞出來,1 ,"1,135,674 ",,99.87%
61384,授權給,1 ,"1,135,675 ",,99.87%
61385,定義成,1 ,"1,135,676 ",,99.87%
61386,不一起,1 ,"1,135,677 ",,99.87%
61387,爛成,1 ,"1,135,678 ",,99.87%
61388,翁嗡嗡,1 ,"1,135,679 ",,99.87%
61389,招開,1 ,"1,135,680 ",,99.87%
61390,統北,1 ,"1,135,681 ",,99.87%
61391,北基,1 ,"1,135,682 ",,99.87%
61392,桃宜,1 ,"1,135,683 ",,99.87%
61393,架勢,1 ,"1,135,684 ",,99.87%
61394,冤獄,1 ,"1,135,685 ",,99.87%
61395,冤魂,1 ,"1,135,686 ",,99.87%
61396,閒不下來,1 ,"1,135,687 ",,99.87%
61397,工作狂,1 ,"1,135,688 ",,99.87%
61398,環保教,1 ,"1,135,689 ",,99.87%
61399,開發教,1 ,"1,135,690 ",,99.87%
61400,教主,1 ,"1,135,691 ",,99.87%
61401,傷害力,1 ,"1,135,692 ",,99.87%
61402,追根究底,1 ,"1,135,693 ",,99.87%
61403,主動權,1 ,"1,135,694 ",,99.87%
61404,拿回扣,1 ,"1,135,695 ",,99.87%
61405,胡志強市,1 ,"1,135,696 ",,99.87%
61406,貢獻完,1 ,"1,135,697 ",,99.87%
61407,媽寶,1 ,"1,135,698 ",,99.87%
61408,絕後,1 ,"1,135,699 ",,99.87%
61409,笨笨,1 ,"1,135,700 ",,99.87%
61410,孤注一,1 ,"1,135,701 ",,99.87%
61411,規格化,1 ,"1,135,702 ",,99.87%
61412,亞細亞,1 ,"1,135,703 ",,99.87%
61413,中韓,1 ,"1,135,704 ",,99.87%
61414,主約,1 ,"1,135,705 ",,99.87%
61415,遙遙無期,1 ,"1,135,706 ",,99.87%
61416,一波動,1 ,"1,135,707 ",,99.87%
61417,毀於,1 ,"1,135,708 ",,99.87%
61418,天誅地滅,1 ,"1,135,709 ",,99.88%
61419,光明正大,1 ,"1,135,710 ",,99.88%
61420,分贓,1 ,"1,135,711 ",,99.88%
61421,忌憚,1 ,"1,135,712 ",,99.88%
61422,停募,1 ,"1,135,713 ",,99.88%
61423,文光,1 ,"1,135,714 ",,99.88%
61424,客聚餐,1 ,"1,135,715 ",,99.88%
61425,健忘症,1 ,"1,135,716 ",,99.88%
61426,忠厚,1 ,"1,135,717 ",,99.88%
61427,滾動式,1 ,"1,135,718 ",,99.88%
61428,經發會,1 ,"1,135,719 ",,99.88%
61429,副總召集人,1 ,"1,135,720 ",,99.88%
61430,文應不應該,1 ,"1,135,721 ",,99.88%
61431,文會,1 ,"1,135,722 ",,99.88%
61432,說定,1 ,"1,135,723 ",,99.88%
61433,孫治華,1 ,"1,135,724 ",,99.88%
61434,私有化,1 ,"1,135,725 ",,99.88%
61435,夠厚臉皮,1 ,"1,135,726 ",,99.88%
61436,竟敢,1 ,"1,135,727 ",,99.88%
61437,外匯存底,1 ,"1,135,728 ",,99.88%
61438,週休,1 ,"1,135,729 ",,99.88%
61439,共學,1 ,"1,135,730 ",,99.88%
61440,段宜,1 ,"1,135,731 ",,99.88%
61441,康和,1 ,"1,135,732 ",,99.88%
61442,合伙人,1 ,"1,135,733 ",,99.88%
61443,周倪安,1 ,"1,135,734 ",,99.88%
61444,打傷,1 ,"1,135,735 ",,99.88%
61445,打算不了了之,1 ,"1,135,736 ",,99.88%
61446,假借,1 ,"1,135,737 ",,99.88%
61447,圍毆,1 ,"1,135,738 ",,99.88%
61448,沈睡,1 ,"1,135,739 ",,99.88%
61449,不軌,1 ,"1,135,740 ",,99.88%
61450,始作俑者,1 ,"1,135,741 ",,99.88%
61451,胡會,1 ,"1,135,742 ",,99.88%
61452,箴言,1 ,"1,135,743 ",,99.88%
61453,恃強凌弱,1 ,"1,135,744 ",,99.88%
61454,討到,1 ,"1,135,745 ",,99.88%
61455,麻木不仁,1 ,"1,135,746 ",,99.88%
61456,政客橋,1 ,"1,135,747 ",,99.88%
61457,罷免不了,1 ,"1,135,748 ",,99.88%
61458,部官,1 ,"1,135,749 ",,99.88%
61459,黃金圈,1 ,"1,135,750 ",,99.88%
61460,煽動不了,1 ,"1,135,751 ",,99.88%
61461,牧羊,1 ,"1,135,752 ",,99.88%
61462,師奶,1 ,"1,135,753 ",,99.88%
61463,三四成,1 ,"1,135,754 ",,99.88%
61464,六七成,1 ,"1,135,755 ",,99.88%
61465,風紀股長,1 ,"1,135,756 ",,99.88%
61466,答錄機式,1 ,"1,135,757 ",,99.88%
61467,跳針跳針,1 ,"1,135,758 ",,99.88%
61468,鬼島,1 ,"1,135,759 ",,99.88%
61469,企求,1 ,"1,135,760 ",,99.88%
61470,捐出來,1 ,"1,135,761 ",,99.88%
61471,捐帝寶,1 ,"1,135,762 ",,99.88%
61472,奢入,1 ,"1,135,763 ",,99.88%
61473,唬攏過去,1 ,"1,135,764 ",,99.88%
61474,拉砲,1 ,"1,135,765 ",,99.88%
61475,好生,1 ,"1,135,766 ",,99.88%
61476,聖誕書,1 ,"1,135,767 ",,99.88%
61477,麋,1 ,"1,135,768 ",,99.88%
61478,課程表,1 ,"1,135,769 ",,99.88%
61479,漫無目的,1 ,"1,135,770 ",,99.88%
61480,集合到,1 ,"1,135,771 ",,99.88%
61481,毯子區,1 ,"1,135,772 ",,99.88%
61482,園學,1 ,"1,135,773 ",,99.88%
61483,嘰哩呱啦,1 ,"1,135,774 ",,99.88%
61484,落出,1 ,"1,135,775 ",,99.88%
61485,童界,1 ,"1,135,776 ",,99.88%
61486,童書館,1 ,"1,135,777 ",,99.88%
61487,肥玀,1 ,"1,135,778 ",,99.88%
61488,觸摸書,1 ,"1,135,779 ",,99.88%
61489,插播,1 ,"1,135,780 ",,99.88%
61490,托嬰,1 ,"1,135,781 ",,99.88%
61491,超開心,1 ,"1,135,782 ",,99.88%
61492,嘩啦,1 ,"1,135,783 ",,99.88%
61493,退散,1 ,"1,135,784 ",,99.88%
61494,放風,1 ,"1,135,785 ",,99.88%
61495,預備班,1 ,"1,135,786 ",,99.88%
61496,鬼打牆,1 ,"1,135,787 ",,99.88%
61497,放牛,1 ,"1,135,788 ",,99.88%
61498,滿足夠,1 ,"1,135,789 ",,99.88%
61499,益智角,1 ,"1,135,790 ",,99.88%
61500,美術角,1 ,"1,135,791 ",,99.88%
61501,角等,1 ,"1,135,792 ",,99.88%
61502,印巴人,1 ,"1,135,793 ",,99.88%
61503,分房,1 ,"1,135,794 ",,99.88%
61504,性蕾期,1 ,"1,135,795 ",,99.88%
61505,百歲派,1 ,"1,135,796 ",,99.88%
61506,懷中,1 ,"1,135,797 ",,99.88%
61507,娃兒,1 ,"1,135,798 ",,99.88%
61508,整天班,1 ,"1,135,799 ",,99.88%
61509,卡通台,1 ,"1,135,800 ",,99.88%
61510,列成,1 ,"1,135,801 ",,99.88%
61511,始終如一,1 ,"1,135,802 ",,99.88%
61512,以身作則,1 ,"1,135,803 ",,99.88%
61513,培養成,1 ,"1,135,804 ",,99.88%
61514,時差,1 ,"1,135,805 ",,99.88%
61515,仿間,1 ,"1,135,806 ",,99.88%
61516,拼進,1 ,"1,135,807 ",,99.88%
61517,空格,1 ,"1,135,808 ",,99.88%
61518,嬰童,1 ,"1,135,809 ",,99.88%
61519,凸起,1 ,"1,135,810 ",,99.88%
61520,稚嫩,1 ,"1,135,811 ",,99.88%
61521,抓板,1 ,"1,135,812 ",,99.88%
61522,滾瓜爛熟,1 ,"1,135,813 ",,99.88%
61523,進階成,1 ,"1,135,814 ",,99.88%
61524,拍成品,1 ,"1,135,815 ",,99.88%
61525,拼厚紙,1 ,"1,135,816 ",,99.88%
61526,繪畫型,1 ,"1,135,817 ",,99.88%
61527,畫紙,1 ,"1,135,818 ",,99.88%
61528,抹煞,1 ,"1,135,819 ",,99.88%
61529,改版,1 ,"1,135,820 ",,99.88%
61530,跟上色,1 ,"1,135,821 ",,99.88%
61531,阿刷,1 ,"1,135,822 ",,99.88%
61532,褪成,1 ,"1,135,823 ",,99.89%
61533,超賣力,1 ,"1,135,824 ",,99.89%
61534,納涼,1 ,"1,135,825 ",,99.89%
61535,跳通,1 ,"1,135,826 ",,99.89%
61536,結交到,1 ,"1,135,827 ",,99.89%
61537,交心,1 ,"1,135,828 ",,99.89%
61538,坐月子阿,1 ,"1,135,829 ",,99.89%
61539,小羊弟,1 ,"1,135,830 ",,99.89%
61540,小羊妹,1 ,"1,135,831 ",,99.89%
61541,自編,1 ,"1,135,832 ",,99.89%
61542,芭蕾課,1 ,"1,135,833 ",,99.89%
61543,芭蕾舞衣,1 ,"1,135,834 ",,99.89%
61544,凜冽,1 ,"1,135,835 ",,99.89%
61545,失溫,1 ,"1,135,836 ",,99.89%
61546,凱旋門,1 ,"1,135,837 ",,99.89%
61547,旅行魂,1 ,"1,135,838 ",,99.89%
61548,叫起來,1 ,"1,135,839 ",,99.89%
61549,便溺,1 ,"1,135,840 ",,99.89%
61550,本末倒置,1 ,"1,135,841 ",,99.89%
61551,吸收力,1 ,"1,135,842 ",,99.89%
61552,學習褲,1 ,"1,135,843 ",,99.89%
61553,拉拉褲,1 ,"1,135,844 ",,99.89%
61554,穿脫,1 ,"1,135,845 ",,99.89%
61555,尿濕,1 ,"1,135,846 ",,99.89%
61556,布布,1 ,"1,135,847 ",,99.89%
61557,阿嬤家,1 ,"1,135,848 ",,99.89%
61558,英國家,1 ,"1,135,849 ",,99.89%
61559,便意,1 ,"1,135,850 ",,99.89%
61560,戒完,1 ,"1,135,851 ",,99.89%
61561,刷完,1 ,"1,135,852 ",,99.89%
61562,尿床,1 ,"1,135,853 ",,99.89%
61563,翻來翻去,1 ,"1,135,854 ",,99.89%
61564,爬回,1 ,"1,135,855 ",,99.89%
61565,急不得,1 ,"1,135,856 ",,99.89%
61566,耳根子,1 ,"1,135,857 ",,99.89%
61567,鼻酸,1 ,"1,135,858 ",,99.89%
61568,氟,1 ,"1,135,859 ",,99.89%
61569,操心,1 ,"1,135,860 ",,99.89%
61570,模模糊糊,1 ,"1,135,861 ",,99.89%
61571,滲,1 ,"1,135,862 ",,99.89%
61572,糾,1 ,"1,135,863 ",,99.89%
61573,止不住,1 ,"1,135,864 ",,99.89%
61574,掛小兒科,1 ,"1,135,865 ",,99.89%
61575,兒身,1 ,"1,135,866 ",,99.89%
61576,娘心,1 ,"1,135,867 ",,99.89%
61577,拒收,1 ,"1,135,868 ",,99.89%
61578,危及到,1 ,"1,135,869 ",,99.89%
61579,超久,1 ,"1,135,870 ",,99.89%
61580,心急如焚,1 ,"1,135,871 ",,99.89%
61581,急診科,1 ,"1,135,872 ",,99.89%
61582,緊緊緊,1 ,"1,135,873 ",,99.89%
61583,回觀,1 ,"1,135,874 ",,99.89%
61584,編書,1 ,"1,135,875 ",,99.89%
61585,網球課,1 ,"1,135,876 ",,99.89%
61586,好色,1 ,"1,135,877 ",,99.89%
61587,私德,1 ,"1,135,878 ",,99.89%
61588,欲蓋彌彰,1 ,"1,135,879 ",,99.89%
61589,私處,1 ,"1,135,880 ",,99.89%
61590,改過自新,1 ,"1,135,881 ",,99.89%
61591,五六年級,1 ,"1,135,882 ",,99.89%
61592,轉學,1 ,"1,135,883 ",,99.89%
61593,畏畏縮縮,1 ,"1,135,884 ",,99.89%
61594,興亡,1 ,"1,135,885 ",,99.89%
61595,相認,1 ,"1,135,886 ",,99.89%
61596,瞎鬼,1 ,"1,135,887 ",,99.89%
61597,歸亞蕾,1 ,"1,135,888 ",,99.89%
61598,漣漣,1 ,"1,135,889 ",,99.89%
61599,空窗,1 ,"1,135,890 ",,99.89%
61600,剃除,1 ,"1,135,891 ",,99.89%
61601,細想,1 ,"1,135,892 ",,99.89%
61602,指名道姓,1 ,"1,135,893 ",,99.89%
61603,管不了,1 ,"1,135,894 ",,99.89%
61604,憎恨,1 ,"1,135,895 ",,99.89%
61605,十幾二十,1 ,"1,135,896 ",,99.89%
61606,避孕藥,1 ,"1,135,897 ",,99.89%
61607,異性戀,1 ,"1,135,898 ",,99.89%
61608,走投無路,1 ,"1,135,899 ",,99.89%
61609,抽空感,1 ,"1,135,900 ",,99.89%
61610,谷地惠,1 ,"1,135,901 ",,99.89%
61611,美子,1 ,"1,135,902 ",,99.89%
61612,蠢蠢,1 ,"1,135,903 ",,99.89%
61613,傻哩瓜嘰,1 ,"1,135,904 ",,99.89%
61614,良久,1 ,"1,135,905 ",,99.89%
61615,愛哭鬼,1 ,"1,135,906 ",,99.89%
61616,豔,1 ,"1,135,907 ",,99.89%
61617,男人緣,1 ,"1,135,908 ",,99.89%
61618,魚干女,1 ,"1,135,909 ",,99.89%
61619,褪下,1 ,"1,135,910 ",,99.89%
61620,法國感,1 ,"1,135,911 ",,99.89%
61621,非正妻,1 ,"1,135,912 ",,99.89%
61622,養育費,1 ,"1,135,913 ",,99.89%
61623,教育成,1 ,"1,135,914 ",,99.89%
61624,布拉克,1 ,"1,135,915 ",,99.89%
61625,野獸派,1 ,"1,135,916 ",,99.89%
61626,俗物,1 ,"1,135,917 ",,99.89%
61627,狂放,1 ,"1,135,918 ",,99.89%
61628,神似,1 ,"1,135,919 ",,99.89%
61629,亞維農,1 ,"1,135,920 ",,99.89%
61630,雙收,1 ,"1,135,921 ",,99.89%
61631,酒標,1 ,"1,135,922 ",,99.89%
61632,阿波里內爾,1 ,"1,135,923 ",,99.89%
61633,大鳴大,1 ,"1,135,924 ",,99.89%
61634,癖好,1 ,"1,135,925 ",,99.89%
61635,戴帽,1 ,"1,135,926 ",,99.89%
61636,自畫像,1 ,"1,135,927 ",,99.89%
61637,女角,1 ,"1,135,928 ",,99.89%
61638,據聞,1 ,"1,135,929 ",,99.89%
61639,睥睨,1 ,"1,135,930 ",,99.89%
61640,五十八年,1 ,"1,135,931 ",,99.89%
61641,預覽會,1 ,"1,135,932 ",,99.89%
61642,做噁,1 ,"1,135,933 ",,99.89%
61643,見鬼,1 ,"1,135,934 ",,99.89%
61644,鼓勵手,1 ,"1,135,935 ",,99.89%
61645,扭轉成,1 ,"1,135,936 ",,99.89%
61646,假性戀人,1 ,"1,135,937 ",,99.90%
61647,張懸,1 ,"1,135,938 ",,99.90%
61648,產假,1 ,"1,135,939 ",,99.90%
61649,下流,1 ,"1,135,940 ",,99.90%
61650,魔頭,1 ,"1,135,941 ",,99.90%
61651,陰晴,1 ,"1,135,942 ",,99.90%
61652,水母人,1 ,"1,135,943 ",,99.90%
61653,公私不分,1 ,"1,135,944 ",,99.90%
61654,失學,1 ,"1,135,945 ",,99.90%
61655,美眉,1 ,"1,135,946 ",,99.90%
61656,李察吉爾,1 ,"1,135,947 ",,99.90%
61657,麻雀,1 ,"1,135,948 ",,99.90%
61658,悼念文,1 ,"1,135,949 ",,99.90%
61659,淚眼盈盈,1 ,"1,135,950 ",,99.90%
61660,娛樂版,1 ,"1,135,951 ",,99.90%
61661,狀態列,1 ,"1,135,952 ",,99.90%
61662,眉批,1 ,"1,135,953 ",,99.90%
61663,犯賤,1 ,"1,135,954 ",,99.90%
61664,幸福號,1 ,"1,135,955 ",,99.90%
61665,微微笑意,1 ,"1,135,956 ",,99.90%
61666,仔仔細細,1 ,"1,135,957 ",,99.90%
61667,損人,1 ,"1,135,958 ",,99.90%
61668,家室,1 ,"1,135,959 ",,99.90%
61669,盧太瘋,1 ,"1,135,960 ",,99.90%
61670,溫柔鄉,1 ,"1,135,961 ",,99.90%
61671,婆媽劇,1 ,"1,135,962 ",,99.90%
61672,動勁,1 ,"1,135,963 ",,99.90%
61673,股掌,1 ,"1,135,964 ",,99.90%
61674,專頁,1 ,"1,135,965 ",,99.90%
61675,獎狀,1 ,"1,135,966 ",,99.90%
61676,羅伯茲,1 ,"1,135,967 ",,99.90%
61677,休格蘭,1 ,"1,135,968 ",,99.90%
61678,臭脾氣,1 ,"1,135,969 ",,99.90%
61679,綻,1 ,"1,135,970 ",,99.90%
61680,徐薇蕙,1 ,"1,135,971 ",,99.90%
61681,自由感,1 ,"1,135,972 ",,99.90%
61682,佇,1 ,"1,135,973 ",,99.90%
61683,蔡芷芬,1 ,"1,135,974 ",,99.90%
61684,酷寒,1 ,"1,135,975 ",,99.90%
61685,枯葉,1 ,"1,135,976 ",,99.90%
61686,雪霜,1 ,"1,135,977 ",,99.90%
61687,鋪置,1 ,"1,135,978 ",,99.90%
61688,體驗完,1 ,"1,135,979 ",,99.90%
61689,王德瑜,1 ,"1,135,980 ",,99.90%
61690,充氣式,1 ,"1,135,981 ",,99.90%
61691,洩出,1 ,"1,135,982 ",,99.90%
61692,塑體,1 ,"1,135,983 ",,99.90%
61693,選下,1 ,"1,135,984 ",,99.90%
61694,瓦斯桶,1 ,"1,135,985 ",,99.90%
61695,熱源,1 ,"1,135,986 ",,99.90%
61696,絮語,1 ,"1,135,987 ",,99.90%
61697,天明,1 ,"1,135,988 ",,99.90%
61698,情情,1 ,"1,135,989 ",,99.90%
61699,戀愛感,1 ,"1,135,990 ",,99.90%
61700,揣麼,1 ,"1,135,991 ",,99.90%
61701,完治,1 ,"1,135,992 ",,99.90%
61702,寫真集,1 ,"1,135,993 ",,99.90%
61703,雅習,1 ,"1,135,994 ",,99.90%
61704,酒神,1 ,"1,135,995 ",,99.90%
61705,歐尼修斯,1 ,"1,135,996 ",,99.90%
61706,傑格,1 ,"1,135,997 ",,99.90%
61707,七十幾,1 ,"1,135,998 ",,99.90%
61708,阿寬,1 ,"1,135,999 ",,99.90%
61709,飲酒量,1 ,"1,136,000 ",,99.90%
61710,真真假假,1 ,"1,136,001 ",,99.90%
61711,佔比,1 ,"1,136,002 ",,99.90%
61712,撒落,1 ,"1,136,003 ",,99.90%
61713,好來,1 ,"1,136,004 ",,99.90%
61714,速戰速決,1 ,"1,136,005 ",,99.90%
61715,卯起來,1 ,"1,136,006 ",,99.90%
61716,做生質,1 ,"1,136,007 ",,99.90%
61717,次次,1 ,"1,136,008 ",,99.90%
61718,壓壓,1 ,"1,136,009 ",,99.90%
61719,雪亮,1 ,"1,136,010 ",,99.90%
61720,裸奔,1 ,"1,136,011 ",,99.90%
61721,現金出來,1 ,"1,136,012 ",,99.90%
61722,央請,1 ,"1,136,013 ",,99.90%
61723,仇視權貴,1 ,"1,136,014 ",,99.90%
61724,創作界,1 ,"1,136,015 ",,99.90%
61725,遛出,1 ,"1,136,016 ",,99.90%
61726,麻將,1 ,"1,136,017 ",,99.90%
61727,聊出,1 ,"1,136,018 ",,99.90%
61728,機運,1 ,"1,136,019 ",,99.90%
61729,發揮到,1 ,"1,136,020 ",,99.90%
61730,精蟲,1 ,"1,136,021 ",,99.90%
61731,收容所,1 ,"1,136,022 ",,99.90%
61732,信任圈,1 ,"1,136,023 ",,99.90%
61733,補稅,1 ,"1,136,024 ",,99.90%
61734,轉介站,1 ,"1,136,025 ",,99.90%
61735,收音師,1 ,"1,136,026 ",,99.90%
61736,美術組,1 ,"1,136,027 ",,99.90%
61737,鹿茸,1 ,"1,136,028 ",,99.90%
61738,前導,1 ,"1,136,029 ",,99.90%
61739,纏鬥,1 ,"1,136,030 ",,99.90%
61740,懷疑論,1 ,"1,136,031 ",,99.90%
61741,出錢,1 ,"1,136,032 ",,99.90%
61742,枉死,1 ,"1,136,033 ",,99.90%
61743,強拆,1 ,"1,136,034 ",,99.90%
61744,李慶安,1 ,"1,136,035 ",,99.90%
61745,還錢,1 ,"1,136,036 ",,99.90%
61746,雅妍,1 ,"1,136,037 ",,99.90%
61747,灌進,1 ,"1,136,038 ",,99.90%
61748,真心真意,1 ,"1,136,039 ",,99.90%
61749,萎縮掉,1 ,"1,136,040 ",,99.90%
61750,越發,1 ,"1,136,041 ",,99.90%
61751,新人組,1 ,"1,136,042 ",,99.90%
61752,題題目,1 ,"1,136,043 ",,99.90%
61753,企及,1 ,"1,136,044 ",,99.90%
61754,黑暗面,1 ,"1,136,045 ",,99.90%
61755,經典款,1 ,"1,136,046 ",,99.90%
61756,墮入,1 ,"1,136,047 ",,99.90%
61757,技,1 ,"1,136,048 ",,99.90%
61758,事事無敵,1 ,"1,136,049 ",,99.90%
61759,索隆,1 ,"1,136,050 ",,99.91%
61760,幫助魯夫,1 ,"1,136,051 ",,99.91%
61761,死戰到,1 ,"1,136,052 ",,99.91%
61762,棋子,1 ,"1,136,053 ",,99.91%
61763,強襲,1 ,"1,136,054 ",,99.91%
61764,才氣,1 ,"1,136,055 ",,99.91%
61765,兩回事,1 ,"1,136,056 ",,99.91%
61766,你我,1 ,"1,136,057 ",,99.91%
61767,嚎啕大哭,1 ,"1,136,058 ",,99.91%
61768,斃,1 ,"1,136,059 ",,99.91%
61769,出機,1 ,"1,136,060 ",,99.91%
61770,甄選會,1 ,"1,136,061 ",,99.91%
61771,茹姊,1 ,"1,136,062 ",,99.91%
61772,芷瑤,1 ,"1,136,063 ",,99.91%
61773,運動性,1 ,"1,136,064 ",,99.91%
61774,壘球社,1 ,"1,136,065 ",,99.91%
61775,跆拳道社,1 ,"1,136,066 ",,99.91%
61776,合氣道社,1 ,"1,136,067 ",,99.91%
61777,劍道社,1 ,"1,136,068 ",,99.91%
61778,國術社,1 ,"1,136,069 ",,99.91%
61779,啦啦隊社,1 ,"1,136,070 ",,99.91%
61780,桌球隊,1 ,"1,136,071 ",,99.91%
61781,弓箭社,1 ,"1,136,072 ",,99.91%
61782,曉茹,1 ,"1,136,073 ",,99.91%
61783,芷,1 ,"1,136,074 ",,99.91%
61784,瑤,1 ,"1,136,075 ",,99.91%
61785,舞蹈課,1 ,"1,136,076 ",,99.91%
61786,演講完,1 ,"1,136,077 ",,99.91%
61787,體保生,1 ,"1,136,078 ",,99.91%
61788,街舞課,1 ,"1,136,079 ",,99.91%
61789,說話課,1 ,"1,136,080 ",,99.91%
61790,柴姊,1 ,"1,136,081 ",,99.91%
61791,大智若愚,1 ,"1,136,082 ",,99.91%
61792,撐得起,1 ,"1,136,083 ",,99.91%
61793,焦味,1 ,"1,136,084 ",,99.91%
61794,謎題,1 ,"1,136,085 ",,99.91%
61795,妓院,1 ,"1,136,086 ",,99.91%
61796,平鋪直白,1 ,"1,136,087 ",,99.91%
61797,槍神,1 ,"1,136,088 ",,99.91%
61798,言之鑿鑿,1 ,"1,136,089 ",,99.91%
61799,隱退,1 ,"1,136,090 ",,99.91%
61800,停不了,1 ,"1,136,091 ",,99.91%
61801,合襯,1 ,"1,136,092 ",,99.91%
61802,吸滿,1 ,"1,136,093 ",,99.91%
61803,煙草味,1 ,"1,136,094 ",,99.91%
61804,似是,1 ,"1,136,095 ",,99.91%
61805,菸垢,1 ,"1,136,096 ",,99.91%
61806,慎重其事,1 ,"1,136,097 ",,99.91%
61807,髮油,1 ,"1,136,098 ",,99.91%
61808,千錘百鍊,1 ,"1,136,099 ",,99.91%
61809,渙散,1 ,"1,136,100 ",,99.91%
61810,震壞,1 ,"1,136,101 ",,99.91%
61811,勉,1 ,"1,136,102 ",,99.91%
61812,打直,1 ,"1,136,103 ",,99.91%
61813,黑草男,1 ,"1,136,104 ",,99.91%
61814,失笑,1 ,"1,136,105 ",,99.91%
61815,三手貨,1 ,"1,136,106 ",,99.91%
61816,汗臭味,1 ,"1,136,107 ",,99.91%
61817,錯身,1 ,"1,136,108 ",,99.91%
61818,廣播聲,1 ,"1,136,109 ",,99.91%
61819,構不成,1 ,"1,136,110 ",,99.91%
61820,警備,1 ,"1,136,111 ",,99.91%
61821,夢感,1 ,"1,136,112 ",,99.91%
61822,輪廓線,1 ,"1,136,113 ",,99.91%
61823,垢面,1 ,"1,136,114 ",,99.91%
61824,蜷縮,1 ,"1,136,115 ",,99.91%
61825,刻下去,1 ,"1,136,116 ",,99.91%
61826,歪歪斜斜,1 ,"1,136,117 ",,99.91%
61827,連不夜橙,1 ,"1,136,118 ",,99.91%
61828,吹動,1 ,"1,136,119 ",,99.91%
61829,蜷跪,1 ,"1,136,120 ",,99.91%
61830,遞增,1 ,"1,136,121 ",,99.91%
61831,韓國字,1 ,"1,136,122 ",,99.91%
61832,符碼感,1 ,"1,136,123 ",,99.91%
61833,阿拉伯文,1 ,"1,136,124 ",,99.91%
61834,音符感,1 ,"1,136,125 ",,99.91%
61835,鬼畫符,1 ,"1,136,126 ",,99.91%
61836,失墜,1 ,"1,136,127 ",,99.91%
61837,燈管,1 ,"1,136,128 ",,99.91%
61838,燈成,1 ,"1,136,129 ",,99.91%
61839,低吼,1 ,"1,136,130 ",,99.91%
61840,扯碎成,1 ,"1,136,131 ",,99.91%
61841,亂碼,1 ,"1,136,132 ",,99.91%
61842,崩解夢,1 ,"1,136,133 ",,99.91%
61843,霓虹,1 ,"1,136,134 ",,99.91%
61844,站定,1 ,"1,136,135 ",,99.91%
61845,觀戰,1 ,"1,136,136 ",,99.91%
61846,殘影,1 ,"1,136,137 ",,99.91%
61847,咻,1 ,"1,136,138 ",,99.91%
61848,肩胛,1 ,"1,136,139 ",,99.91%
61849,彈頭,1 ,"1,136,140 ",,99.91%
61850,射進,1 ,"1,136,141 ",,99.91%
61851,回看,1 ,"1,136,142 ",,99.91%
61852,肉盾,1 ,"1,136,143 ",,99.91%
61853,蜂窩,1 ,"1,136,144 ",,99.91%
61854,內鬼,1 ,"1,136,145 ",,99.91%
61855,逃進,1 ,"1,136,146 ",,99.91%
61856,頭蓋骨,1 ,"1,136,147 ",,99.91%
61857,腦壓,1 ,"1,136,148 ",,99.91%
61858,熊哥幫,1 ,"1,136,149 ",,99.91%
61859,迷幻藥,1 ,"1,136,150 ",,99.91%
61860,確確實實,1 ,"1,136,151 ",,99.91%
61861,幫會,1 ,"1,136,152 ",,99.91%
61862,爪牙,1 ,"1,136,153 ",,99.91%
61863,猛力,1 ,"1,136,154 ",,99.91%
61864,天殺,1 ,"1,136,155 ",,99.91%
61865,包廂出來,1 ,"1,136,156 ",,99.91%
61866,佯裝,1 ,"1,136,157 ",,99.91%
61867,水平線,1 ,"1,136,158 ",,99.91%
61868,板機,1 ,"1,136,159 ",,99.91%
61869,酒客,1 ,"1,136,160 ",,99.91%
61870,第一發不夜橙,1 ,"1,136,161 ",,99.91%
61871,不夜橙夜夜,1 ,"1,136,162 ",,99.91%
61872,看樣子,1 ,"1,136,163 ",,99.91%
61873,愛爾蘭男,1 ,"1,136,164 ",,99.92%
61874,實境感,1 ,"1,136,165 ",,99.92%
61875,唱和,1 ,"1,136,166 ",,99.92%
61876,異彩,1 ,"1,136,167 ",,99.92%
61877,轍然,1 ,"1,136,168 ",,99.92%
61878,錄歌,1 ,"1,136,169 ",,99.92%
61879,戀習曲,1 ,"1,136,170 ",,99.92%
61880,超然,1 ,"1,136,171 ",,99.92%
61881,爬起,1 ,"1,136,172 ",,99.92%
61882,乾柴烈火,1 ,"1,136,173 ",,99.92%
61883,繁出,1 ,"1,136,174 ",,99.92%
61884,示意式,1 ,"1,136,175 ",,99.92%
61885,布萊德利庫,1 ,"1,136,176 ",,99.92%
61886,太撩人,1 ,"1,136,177 ",,99.92%
61887,洋溢出,1 ,"1,136,178 ",,99.92%
61888,春味,1 ,"1,136,179 ",,99.92%
61889,閃婚,1 ,"1,136,180 ",,99.92%
61890,伐木場,1 ,"1,136,181 ",,99.92%
61891,窩進,1 ,"1,136,182 ",,99.92%
61892,馴,1 ,"1,136,183 ",,99.92%
61893,喬治生,1 ,"1,136,184 ",,99.92%
61894,說到底,1 ,"1,136,185 ",,99.92%
61895,遺作,1 ,"1,136,186 ",,99.92%
61896,驚魂,1 ,"1,136,187 ",,99.92%
61897,英明,1 ,"1,136,188 ",,99.92%
61898,總總,1 ,"1,136,189 ",,99.92%
61899,隱射,1 ,"1,136,190 ",,99.92%
61900,物歸原主,1 ,"1,136,191 ",,99.92%
61901,亞瑟王,1 ,"1,136,192 ",,99.92%
61902,屠龍,1 ,"1,136,193 ",,99.92%
61903,史提勒虧,1 ,"1,136,194 ",,99.92%
61904,嘲弄班,1 ,"1,136,195 ",,99.92%
61905,史提勒,1 ,"1,136,196 ",,99.92%
61906,冷面笑,1 ,"1,136,197 ",,99.92%
61907,弄臣,1 ,"1,136,198 ",,99.92%
61908,曉鳳,1 ,"1,136,199 ",,99.92%
61909,花店,1 ,"1,136,200 ",,99.92%
61910,出外景,1 ,"1,136,201 ",,99.92%
61911,銘言到,1 ,"1,136,202 ",,99.92%
61912,走位,1 ,"1,136,203 ",,99.92%
61913,催情,1 ,"1,136,204 ",,99.92%
61914,前傳,1 ,"1,136,205 ",,99.92%
61915,五軍,1 ,"1,136,206 ",,99.92%
61916,魔戒三部曲,1 ,"1,136,207 ",,99.92%
61917,圓滑化,1 ,"1,136,208 ",,99.92%
61918,賞心,1 ,"1,136,209 ",,99.92%
61919,阿廣,1 ,"1,136,210 ",,99.92%
61920,中西合璧,1 ,"1,136,211 ",,99.92%
61921,李祖原,1 ,"1,136,212 ",,99.92%
61922,總集合,1 ,"1,136,213 ",,99.92%
61923,理科,1 ,"1,136,214 ",,99.92%
61924,漢諾蘭,1 ,"1,136,215 ",,99.92%
61925,基普索恩,1 ,"1,136,216 ",,99.92%
61926,不二真理,1 ,"1,136,217 ",,99.92%
61927,前妻潔恩,1 ,"1,136,218 ",,99.92%
61928,念博班,1 ,"1,136,219 ",,99.92%
61929,表現法,1 ,"1,136,220 ",,99.92%
61930,相扣,1 ,"1,136,221 ",,99.92%
61931,淡漠,1 ,"1,136,222 ",,99.92%
61932,搖身成,1 ,"1,136,223 ",,99.92%
61933,第八日,1 ,"1,136,224 ",,99.92%
61934,認賊,1 ,"1,136,225 ",,99.92%
61935,作父,1 ,"1,136,226 ",,99.92%
61936,養父,1 ,"1,136,227 ",,99.92%
61937,互助會,1 ,"1,136,228 ",,99.92%
61938,張韶涵,1 ,"1,136,229 ",,99.92%
61939,尋子會,1 ,"1,136,230 ",,99.92%
61940,愛情片,1 ,"1,136,231 ",,99.92%
61941,偷師,1 ,"1,136,232 ",,99.92%
61942,花開到,1 ,"1,136,233 ",,99.92%
61943,看盡,1 ,"1,136,234 ",,99.92%
61944,清官,1 ,"1,136,235 ",,99.92%
61945,八卦化,1 ,"1,136,236 ",,99.92%
61946,胸襟,1 ,"1,136,237 ",,99.92%
61947,鬧僵,1 ,"1,136,238 ",,99.92%
61948,冷笑話,1 ,"1,136,239 ",,99.92%
61949,約翰維克家,1 ,"1,136,240 ",,99.92%
61950,大佬,1 ,"1,136,241 ",,99.92%
61951,惹到,1 ,"1,136,242 ",,99.92%
61952,連夜派,1 ,"1,136,243 ",,99.92%
61953,精壯,1 ,"1,136,244 ",,99.92%
61954,方才,1 ,"1,136,245 ",,99.92%
61955,克蘿伊摩蕾茲,1 ,"1,136,246 ",,99.92%
61956,大魔王,1 ,"1,136,247 ",,99.92%
61957,盡現,1 ,"1,136,248 ",,99.92%
61958,俄羅斯版,1 ,"1,136,249 ",,99.92%
61959,孤兒怨,1 ,"1,136,250 ",,99.92%
61960,尼可萊,1 ,"1,136,251 ",,99.92%
61961,諜對諜,1 ,"1,136,252 ",,99.92%
61962,互鬥,1 ,"1,136,253 ",,99.92%
61963,猜疑,1 ,"1,136,254 ",,99.92%
61964,互恨,1 ,"1,136,255 ",,99.92%
61965,錯事,1 ,"1,136,256 ",,99.92%
61966,情對簿公堂,1 ,"1,136,257 ",,99.92%
61967,恐怖感,1 ,"1,136,258 ",,99.92%
61968,卡娃伊,1 ,"1,136,259 ",,99.92%
61969,正片,1 ,"1,136,260 ",,99.92%
61970,尊長,1 ,"1,136,261 ",,99.92%
61971,設計算,1 ,"1,136,262 ",,99.92%
61972,神鬼論,1 ,"1,136,263 ",,99.92%
61973,遊魂,1 ,"1,136,264 ",,99.92%
61974,平撫掉,1 ,"1,136,265 ",,99.92%
61975,恐怖片,1 ,"1,136,266 ",,99.92%
61976,走歪,1 ,"1,136,267 ",,99.92%
61977,暮光之城,1 ,"1,136,268 ",,99.92%
61978,變狼人,1 ,"1,136,269 ",,99.92%
61979,輔導級,1 ,"1,136,270 ",,99.92%
61980,超漂亮,1 ,"1,136,271 ",,99.92%
61981,阿湯哥演,1 ,"1,136,272 ",,99.92%
61982,妮可基,1 ,"1,136,273 ",,99.92%
61983,嫚演,1 ,"1,136,274 ",,99.92%
61984,看家,1 ,"1,136,275 ",,99.92%
61985,妮可基嫚,1 ,"1,136,276 ",,99.92%
61986,絕活,1 ,"1,136,277 ",,99.92%
61987,招牌式,1 ,"1,136,278 ",,99.93%
61988,全裸,1 ,"1,136,279 ",,99.93%
61989,大紅大紫,1 ,"1,136,280 ",,99.93%
61990,湊佳苗,1 ,"1,136,281 ",,99.93%
61991,莎莉賽隆,1 ,"1,136,282 ",,99.93%
61992,溫絲蕾,1 ,"1,136,283 ",,99.93%
61993,搶快,1 ,"1,136,284 ",,99.93%
61994,灰階,1 ,"1,136,285 ",,99.93%
61995,構築成,1 ,"1,136,286 ",,99.93%
61996,拓下,1 ,"1,136,287 ",,99.93%
61997,殘像,1 ,"1,136,288 ",,99.93%
61998,默寞,1 ,"1,136,289 ",,99.93%
61999,沈降,1 ,"1,136,290 ",,99.93%
62000,片頭片尾,1 ,"1,136,291 ",,99.93%
62001,張榮吉,1 ,"1,136,292 ",,99.93%
62002,影痕,1 ,"1,136,293 ",,99.93%
62003,深刻度,1 ,"1,136,294 ",,99.93%
62004,大發火,1 ,"1,136,295 ",,99.93%
62005,載舟,1 ,"1,136,296 ",,99.93%
62006,覆舟,1 ,"1,136,297 ",,99.93%
62007,美色,1 ,"1,136,298 ",,99.93%
62008,愛愛,1 ,"1,136,299 ",,99.93%
62009,藥醫,1 ,"1,136,300 ",,99.93%
62010,高登,1 ,"1,136,301 ",,99.93%
62011,李維情,1 ,"1,136,302 ",,99.93%
62012,義相挺,1 ,"1,136,303 ",,99.93%
62013,超急情聖,1 ,"1,136,304 ",,99.93%
62014,美豔嬌嬌女,1 ,"1,136,305 ",,99.93%
62015,皮囊,1 ,"1,136,306 ",,99.93%
62016,哲學感,1 ,"1,136,307 ",,99.93%
62017,通俗片,1 ,"1,136,308 ",,99.93%
62018,魯蛋,1 ,"1,136,309 ",,99.93%
62019,豆花,1 ,"1,136,310 ",,99.93%
62020,拼構,1 ,"1,136,311 ",,99.93%
62021,故事群,1 ,"1,136,312 ",,99.93%
62022,淳樸,1 ,"1,136,313 ",,99.93%
62023,打工處,1 ,"1,136,314 ",,99.93%
62024,追風,1 ,"1,136,315 ",,99.93%
62025,追風隊長,1 ,"1,136,316 ",,99.93%
62026,暴風眼,1 ,"1,136,317 ",,99.93%
62027,溫吞,1 ,"1,136,318 ",,99.93%
62028,拍岎,1 ,"1,136,319 ",,99.93%
62029,跑船,1 ,"1,136,320 ",,99.93%
62030,超高科技,1 ,"1,136,321 ",,99.93%
62031,屍身,1 ,"1,136,322 ",,99.93%
62032,藝術片,1 ,"1,136,323 ",,99.93%
62033,感情觀,1 ,"1,136,324 ",,99.93%
62034,互道,1 ,"1,136,325 ",,99.93%
62035,藕斷絲連,1 ,"1,136,326 ",,99.93%
62036,流暢感,1 ,"1,136,327 ",,99.93%
62037,舒適感,1 ,"1,136,328 ",,99.93%
62038,循序進,1 ,"1,136,329 ",,99.93%
62039,去蕪存菁版,1 ,"1,136,330 ",,99.93%
62040,缺憾,1 ,"1,136,331 ",,99.93%
62041,簡化掉,1 ,"1,136,332 ",,99.93%
62042,約翰葛林,1 ,"1,136,333 ",,99.93%
62043,進片場,1 ,"1,136,334 ",,99.93%
62044,盲人,1 ,"1,136,335 ",,99.93%
62045,薩,1 ,"1,136,336 ",,99.93%
62046,萬豪頓,1 ,"1,136,337 ",,99.93%
62047,簡略掉,1 ,"1,136,338 ",,99.93%
62048,旁支,1 ,"1,136,339 ",,99.93%
62049,末節,1 ,"1,136,340 ",,99.93%
62050,扯進,1 ,"1,136,341 ",,99.93%
62051,看暌違,1 ,"1,136,342 ",,99.93%
62052,耐受度,1 ,"1,136,343 ",,99.93%
62053,堪算,1 ,"1,136,344 ",,99.93%
62054,破銅爛鐵,1 ,"1,136,345 ",,99.93%
62055,卡車頭,1 ,"1,136,346 ",,99.93%
62056,貝拍,1 ,"1,136,347 ",,99.93%
62057,偵察兵,1 ,"1,136,348 ",,99.93%
62058,是故,1 ,"1,136,349 ",,99.93%
62059,尊稱,1 ,"1,136,350 ",,99.93%
62060,扯動,1 ,"1,136,351 ",,99.93%
62061,帕西諾,1 ,"1,136,352 ",,99.93%
62062,雀雀,1 ,"1,136,353 ",,99.93%
62063,帕西諾好,1 ,"1,136,354 ",,99.93%
62064,崩壞感,1 ,"1,136,355 ",,99.93%
62065,露餡,1 ,"1,136,356 ",,99.93%
62066,林柏宏,1 ,"1,136,357 ",,99.93%
62067,紀培慧,1 ,"1,136,358 ",,99.93%
62068,陳冠希,1 ,"1,136,359 ",,99.93%
62069,鉅片,1 ,"1,136,360 ",,99.93%
62070,范冰冰,1 ,"1,136,361 ",,99.93%
62071,特供版,1 ,"1,136,362 ",,99.93%
62072,貞操,1 ,"1,136,363 ",,99.93%
62073,贊聲,1 ,"1,136,364 ",,99.93%
62074,化到,1 ,"1,136,365 ",,99.93%
62075,性慾,1 ,"1,136,366 ",,99.93%
62076,美國派,1 ,"1,136,367 ",,99.93%
62077,坐穩,1 ,"1,136,368 ",,99.93%
62078,開暈,1 ,"1,136,369 ",,99.93%
62079,笑料,1 ,"1,136,370 ",,99.93%
62080,找妹,1 ,"1,136,371 ",,99.93%
62081,尚杜賈丹,1 ,"1,136,372 ",,99.93%
62082,癡心,1 ,"1,136,373 ",,99.93%
62083,警世,1 ,"1,136,374 ",,99.93%
62084,新主,1 ,"1,136,375 ",,99.93%
62085,落差感,1 ,"1,136,376 ",,99.93%
62086,源活,1 ,"1,136,377 ",,99.93%
62087,跨年場,1 ,"1,136,378 ",,99.93%
62088,饒舌,1 ,"1,136,379 ",,99.93%
62089,扣金,1 ,"1,136,380 ",,99.93%
62090,曲歌王,1 ,"1,136,381 ",,99.93%
62091,搶耳,1 ,"1,136,382 ",,99.93%
62092,融合感,1 ,"1,136,383 ",,99.93%
62093,尾段,1 ,"1,136,384 ",,99.93%
62094,滂,1 ,"1,136,385 ",,99.93%
62095,礡,1 ,"1,136,386 ",,99.93%
62096,重唱,1 ,"1,136,387 ",,99.93%
62097,峰迴路轉,1 ,"1,136,388 ",,99.93%
62098,電電,1 ,"1,136,389 ",,99.93%
62099,震人,1 ,"1,136,390 ",,99.93%
62100,鼓做,1 ,"1,136,391 ",,99.94%
62101,自語,1 ,"1,136,392 ",,99.94%
62102,真假音,1 ,"1,136,393 ",,99.94%
62103,悔恨,1 ,"1,136,394 ",,99.94%
62104,懷秋,1 ,"1,136,395 ",,99.94%
62105,小微,1 ,"1,136,396 ",,99.94%
62106,酒窩,1 ,"1,136,397 ",,99.94%
62107,滂礡,1 ,"1,136,398 ",,99.94%
62108,歌名,1 ,"1,136,399 ",,99.94%
62109,宏壯,1 ,"1,136,400 ",,99.94%
62110,人口舌,1 ,"1,136,401 ",,99.94%
62111,弱項,1 ,"1,136,402 ",,99.94%
62112,偉,1 ,"1,136,403 ",,99.94%
62113,唱完,1 ,"1,136,404 ",,99.94%
62114,破音,1 ,"1,136,405 ",,99.94%
62115,避高音,1 ,"1,136,406 ",,99.94%
62116,傑尼斯,1 ,"1,136,407 ",,99.94%
62117,徒子徒,1 ,"1,136,408 ",,99.94%
62118,系譜,1 ,"1,136,409 ",,99.94%
62119,打歌,1 ,"1,136,410 ",,99.94%
62120,黃立成,1 ,"1,136,411 ",,99.94%
62121,分帳,1 ,"1,136,412 ",,99.94%
62122,年累月,1 ,"1,136,413 ",,99.94%
62123,碰撞出來,1 ,"1,136,414 ",,99.94%
62124,買不來,1 ,"1,136,415 ",,99.94%
62125,徐佳瑩,1 ,"1,136,416 ",,99.94%
62126,翻唱曲,1 ,"1,136,417 ",,99.94%
62127,韓樂,1 ,"1,136,418 ",,99.94%
62128,韓樂翻,1 ,"1,136,419 ",,99.94%
62129,女團,1 ,"1,136,420 ",,99.94%
62130,企宣,1 ,"1,136,421 ",,99.94%
62131,有別,1 ,"1,136,422 ",,99.94%
62132,古板,1 ,"1,136,423 ",,99.94%
62133,播報,1 ,"1,136,424 ",,99.94%
62134,模露,1 ,"1,136,425 ",,99.94%
62135,企劃力,1 ,"1,136,426 ",,99.94%
62136,第二性,1 ,"1,136,427 ",,99.94%
62137,附屬品,1 ,"1,136,428 ",,99.94%
62138,震到,1 ,"1,136,429 ",,99.94%
62139,愛情觀,1 ,"1,136,430 ",,99.94%
62140,魅惑,1 ,"1,136,431 ",,99.94%
62141,瑪麗蓮夢露,1 ,"1,136,432 ",,99.94%
62142,電氣,1 ,"1,136,433 ",,99.94%
62143,呸,1 ,"1,136,434 ",,99.94%
62144,透漏,1 ,"1,136,435 ",,99.94%
62145,接演,1 ,"1,136,436 ",,99.94%
62146,金曲榜,1 ,"1,136,437 ",,99.94%
62147,朱俐靜,1 ,"1,136,438 ",,99.94%
62148,李玉璽,1 ,"1,136,439 ",,99.94%
62149,動員力,1 ,"1,136,440 ",,99.94%
62150,偶像派,1 ,"1,136,441 ",,99.94%
62151,歌路,1 ,"1,136,442 ",,99.94%
62152,歸類成,1 ,"1,136,443 ",,99.94%
62153,麥田捕手,1 ,"1,136,444 ",,99.94%
62154,緋聞,1 ,"1,136,445 ",,99.94%
62155,歌曲目,1 ,"1,136,446 ",,99.94%
62156,節目版,1 ,"1,136,447 ",,99.94%
62157,合作版,1 ,"1,136,448 ",,99.94%
62158,適不適合,1 ,"1,136,449 ",,99.94%
62159,打單,1 ,"1,136,450 ",,99.94%
62160,唱片圈,1 ,"1,136,451 ",,99.94%
62161,應援團,1 ,"1,136,452 ",,99.94%
62162,夏日風,1 ,"1,136,453 ",,99.94%
62163,分飾,1 ,"1,136,454 ",,99.94%
62164,菜香,1 ,"1,136,455 ",,99.94%
62165,曲數,1 ,"1,136,456 ",,99.94%
62166,暴點,1 ,"1,136,457 ",,99.94%
62167,國台曲,1 ,"1,136,458 ",,99.94%
62168,速力,1 ,"1,136,459 ",,99.94%
62169,癒,1 ,"1,136,460 ",,99.94%
62170,五斗米,1 ,"1,136,461 ",,99.94%
62171,衷實,1 ,"1,136,462 ",,99.94%
62172,王宏元,1 ,"1,136,463 ",,99.94%
62173,溫存,1 ,"1,136,464 ",,99.94%
62174,插畫師,1 ,"1,136,465 ",,99.94%
62175,狗腿,1 ,"1,136,466 ",,99.94%
62176,單向性,1 ,"1,136,467 ",,99.94%
62177,劇碼,1 ,"1,136,468 ",,99.94%
62178,演錯,1 ,"1,136,469 ",,99.94%
62179,換氣,1 ,"1,136,470 ",,99.94%
62180,失真,1 ,"1,136,471 ",,99.94%
62181,創新度,1 ,"1,136,472 ",,99.94%
62182,萬萬歲,1 ,"1,136,473 ",,99.94%
62183,夠有力,1 ,"1,136,474 ",,99.94%
62184,派對歌,1 ,"1,136,475 ",,99.94%
62185,填詞,1 ,"1,136,476 ",,99.94%
62186,投射進,1 ,"1,136,477 ",,99.94%
62187,啟事,1 ,"1,136,478 ",,99.94%
62188,起頭,1 ,"1,136,479 ",,99.94%
62189,品嘗出,1 ,"1,136,480 ",,99.94%
62190,手風琴,1 ,"1,136,481 ",,99.94%
62191,弦樂手,1 ,"1,136,482 ",,99.94%
62192,編制感,1 ,"1,136,483 ",,99.94%
62193,股點,1 ,"1,136,484 ",,99.94%
62194,華研,1 ,"1,136,485 ",,99.94%
62195,單飛,1 ,"1,136,486 ",,99.94%
62196,連出,1 ,"1,136,487 ",,99.94%
62197,田馥,1 ,"1,136,488 ",,99.94%
62198,甄單,1 ,"1,136,489 ",,99.94%
62199,中低音,1 ,"1,136,490 ",,99.94%
62200,猖狂,1 ,"1,136,491 ",,99.94%
62201,乍聽起來,1 ,"1,136,492 ",,99.94%
62202,地心,1 ,"1,136,493 ",,99.94%
62203,點開,1 ,"1,136,494 ",,99.94%
62204,洗腦歌,1 ,"1,136,495 ",,99.94%
62205,音下,1 ,"1,136,496 ",,99.94%
62206,周選,1 ,"1,136,497 ",,99.94%
62207,碧昂絲,1 ,"1,136,498 ",,99.94%
62208,選唱,1 ,"1,136,499 ",,99.94%
62209,語種,1 ,"1,136,500 ",,99.94%
62210,飛黃騰達,1 ,"1,136,501 ",,99.94%
62211,摔出,1 ,"1,136,502 ",,99.94%
62212,美男,1 ,"1,136,503 ",,99.94%
62213,熟電,1 ,"1,136,504 ",,99.94%
62214,東城,1 ,"1,136,505 ",,99.95%
62215,調音,1 ,"1,136,506 ",,99.95%
62216,驚悚感,1 ,"1,136,507 ",,99.95%
62217,效果器,1 ,"1,136,508 ",,99.95%
62218,挑片,1 ,"1,136,509 ",,99.95%
62219,片單,1 ,"1,136,510 ",,99.95%
62220,詳細點,1 ,"1,136,511 ",,99.95%
62221,王力宏,1 ,"1,136,512 ",,99.95%
62222,米高基頓,1 ,"1,136,513 ",,99.95%
62223,艾瑪史東,1 ,"1,136,514 ",,99.95%
62224,康康,1 ,"1,136,515 ",,99.95%
62225,無俚頭,1 ,"1,136,516 ",,99.95%
62226,美心,1 ,"1,136,517 ",,99.95%
62227,真人真事,1 ,"1,136,518 ",,99.95%
62228,陳可辛,1 ,"1,136,519 ",,99.95%
62229,釜山,1 ,"1,136,520 ",,99.95%
62230,拋去,1 ,"1,136,521 ",,99.95%
62231,惕勵,1 ,"1,136,522 ",,99.95%
62232,盜賊,1 ,"1,136,523 ",,99.95%
62233,陵墓,1 ,"1,136,524 ",,99.95%
62234,重見,1 ,"1,136,525 ",,99.95%
62235,事跡,1 ,"1,136,526 ",,99.95%
62236,坦納赫,1 ,"1,136,527 ",,99.95%
62237,曠野,1 ,"1,136,528 ",,99.95%
62238,摩西二書,1 ,"1,136,529 ",,99.95%
62239,電影出,1 ,"1,136,530 ",,99.95%
62240,希伯來人克勤克儉,1 ,"1,136,531 ",,99.95%
62241,尼羅河,1 ,"1,136,532 ",,99.95%
62242,河神,1 ,"1,136,533 ",,99.95%
62243,拉美西斯二世,1 ,"1,136,534 ",,99.95%
62244,第十九,1 ,"1,136,535 ",,99.95%
62245,衰敗,1 ,"1,136,536 ",,99.95%
62246,妃子,1 ,"1,136,537 ",,99.95%
62247,轉淚點,1 ,"1,136,538 ",,99.95%
62248,埃及時,1 ,"1,136,539 ",,99.95%
62249,白髮蒼蒼,1 ,"1,136,540 ",,99.95%
62250,以色列人,1 ,"1,136,541 ",,99.95%
62251,瘡,1 ,"1,136,542 ",,99.95%
62252,雹,1 ,"1,136,543 ",,99.95%
62253,蝗災,1 ,"1,136,544 ",,99.95%
62254,頭胎,1 ,"1,136,545 ",,99.95%
62255,牲畜,1 ,"1,136,546 ",,99.95%
62256,悲痛欲絕,1 ,"1,136,547 ",,99.95%
62257,旨意,1 ,"1,136,548 ",,99.95%
62258,摩西律法,1 ,"1,136,549 ",,99.95%
62259,領出來,1 ,"1,136,550 ",,99.95%
62260,天條,1 ,"1,136,551 ",,99.95%
62261,基督教徒,1 ,"1,136,552 ",,99.95%
62262,失勢,1 ,"1,136,553 ",,99.95%
62263,部出,1 ,"1,136,554 ",,99.95%
62264,蛙災,1 ,"1,136,555 ",,99.95%
62265,記會,1 ,"1,136,556 ",,99.95%
62266,寫實化,1 ,"1,136,557 ",,99.95%
62267,唱將,1 ,"1,136,558 ",,99.95%
62268,加作詞,1 ,"1,136,559 ",,99.95%
62269,作曲人,1 ,"1,136,560 ",,99.95%
62270,足以化,1 ,"1,136,561 ",,99.95%
62271,復加,1 ,"1,136,562 ",,99.95%
62272,法拉利,1 ,"1,136,563 ",,99.95%
62273,阿呆,1 ,"1,136,564 ",,99.95%
62274,阿瓜,1 ,"1,136,565 ",,99.95%
62275,連台版,1 ,"1,136,566 ",,99.95%
62276,搞笑片,1 ,"1,136,567 ",,99.95%
62277,皮聘,1 ,"1,136,568 ",,99.95%
62278,道聲,1 ,"1,136,569 ",,99.95%
62279,永別,1 ,"1,136,570 ",,99.95%
62280,破壞王,1 ,"1,136,571 ",,99.95%
62281,相形之一下,1 ,"1,136,572 ",,99.95%
62282,具象化,1 ,"1,136,573 ",,99.95%
62283,蓋瑞羅斯,1 ,"1,136,574 ",,99.95%
62284,有條有理,1 ,"1,136,575 ",,99.95%
62285,阻攔,1 ,"1,136,576 ",,99.95%
62286,多彩多姿,1 ,"1,136,577 ",,99.95%
62287,威爾士,1 ,"1,136,578 ",,99.95%
62288,詩體,1 ,"1,136,579 ",,99.95%
62289,然而諾蘭,1 ,"1,136,580 ",,99.95%
62290,冥血邪劍厄薩斯,1 ,"1,136,581 ",,99.95%
62291,復生,1 ,"1,136,582 ",,99.95%
62292,跳耀,1 ,"1,136,583 ",,99.95%
62293,情緣,1 ,"1,136,584 ",,99.95%
62294,粘住,1 ,"1,136,585 ",,99.95%
62295,瞎掰,1 ,"1,136,586 ",,99.95%
62296,聊得來,1 ,"1,136,587 ",,99.95%
62297,合得來,1 ,"1,136,588 ",,99.95%
62298,測試法,1 ,"1,136,589 ",,99.95%
62299,起死回生,1 ,"1,136,590 ",,99.95%
62300,弔,1 ,"1,136,591 ",,99.95%
62301,峰迴路,1 ,"1,136,592 ",,99.95%
62302,無關聯,1 ,"1,136,593 ",,99.95%
62303,派拉諾曼,1 ,"1,136,594 ",,99.95%
62304,自於,1 ,"1,136,595 ",,99.95%
62305,艾朗司諾,1 ,"1,136,596 ",,99.95%
62306,怪怪箱,1 ,"1,136,597 ",,99.95%
62307,前作,1 ,"1,136,598 ",,99.95%
62308,對應到,1 ,"1,136,599 ",,99.95%
62309,殺意,1 ,"1,136,600 ",,99.95%
62310,好不好看,1 ,"1,136,601 ",,99.95%
62311,魔方,1 ,"1,136,602 ",,99.95%
62312,天翻地覆,1 ,"1,136,603 ",,99.95%
62313,弱弱,1 ,"1,136,604 ",,99.95%
62314,舖梗,1 ,"1,136,605 ",,99.95%
62315,呆坐,1 ,"1,136,606 ",,99.95%
62316,播出來,1 ,"1,136,607 ",,99.95%
62317,特映會,1 ,"1,136,608 ",,99.95%
62318,透明人,1 ,"1,136,609 ",,99.95%
62319,跳舞片,1 ,"1,136,610 ",,99.95%
62320,漫威,1 ,"1,136,611 ",,99.95%
62321,柯林,1 ,"1,136,612 ",,99.95%
62322,小勞勃道尼,1 ,"1,136,613 ",,99.95%
62323,史塔克,1 ,"1,136,614 ",,99.95%
62324,熊麻吉會,1 ,"1,136,615 ",,99.95%
62325,串場,1 ,"1,136,616 ",,99.95%
62326,掏光,1 ,"1,136,617 ",,99.95%
62327,麥可貝,1 ,"1,136,618 ",,99.95%
62328,金剛迷,1 ,"1,136,619 ",,99.96%
62329,落魄,1 ,"1,136,620 ",,99.96%
62330,炸光光,1 ,"1,136,621 ",,99.96%
62331,刪不了,1 ,"1,136,622 ",,99.96%
62332,干擾到,1 ,"1,136,623 ",,99.96%
62333,臥軌,1 ,"1,136,624 ",,99.96%
62334,硬起來,1 ,"1,136,625 ",,99.96%
62335,石沈大海,1 ,"1,136,626 ",,99.96%
62336,賽思,1 ,"1,136,627 ",,99.96%
62337,西部片,1 ,"1,136,628 ",,99.96%
62338,口頭禪,1 ,"1,136,629 ",,99.96%
62339,瞎扯蛋,1 ,"1,136,630 ",,99.96%
62340,連恩尼遜,1 ,"1,136,631 ",,99.96%
62341,金鋼,1 ,"1,136,632 ",,99.96%
62342,原始碼,1 ,"1,136,633 ",,99.96%
62343,看下去,1 ,"1,136,634 ",,99.96%
62344,冷豔,1 ,"1,136,635 ",,99.96%
62345,魔術師,1 ,"1,136,636 ",,99.96%
62346,克里斯多夫諾蘭,1 ,"1,136,637 ",,99.96%
62347,猜出,1 ,"1,136,638 ",,99.96%
62348,鋪陳出來,1 ,"1,136,639 ",,99.96%
62349,跳來跳去,1 ,"1,136,640 ",,99.96%
62350,平易,1 ,"1,136,641 ",,99.96%
62351,哥吉拉迷,1 ,"1,136,642 ",,99.96%
62352,翻譯片,1 ,"1,136,643 ",,99.96%
62353,渡邊謙,1 ,"1,136,644 ",,99.96%
62354,師布萊恩,1 ,"1,136,645 ",,99.96%
62355,科蘭斯頓,1 ,"1,136,646 ",,99.96%
62356,環太平洋,1 ,"1,136,647 ",,99.96%
62357,哥吉,1 ,"1,136,648 ",,99.96%
62358,核能廠,1 ,"1,136,649 ",,99.96%
62359,反核四,1 ,"1,136,650 ",,99.96%
62360,攪來攪,1 ,"1,136,651 ",,99.96%
62361,吝惜,1 ,"1,136,652 ",,99.96%
62362,裸身,1 ,"1,136,653 ",,99.96%
62363,溫泉關,1 ,"1,136,654 ",,99.96%
62364,波希,1 ,"1,136,655 ",,99.96%
62365,萬惡,1 ,"1,136,656 ",,99.96%
62366,特映,1 ,"1,136,657 ",,99.96%
62367,噬,1 ,"1,136,658 ",,99.96%
62368,會暈,1 ,"1,136,659 ",,99.96%
62369,言情,1 ,"1,136,660 ",,99.96%
62370,辭演,1 ,"1,136,661 ",,99.96%
62371,俊俏,1 ,"1,136,662 ",,99.96%
62372,青澀,1 ,"1,136,663 ",,99.96%
62373,編好,1 ,"1,136,664 ",,99.96%
62374,才能站,1 ,"1,136,665 ",,99.96%
62375,脛骨,1 ,"1,136,666 ",,99.96%
62376,鵝足滑囊炎,1 ,"1,136,667 ",,99.96%
62377,輕度,1 ,"1,136,668 ",,99.96%
62378,發炎性,1 ,"1,136,669 ",,99.96%
62379,感染性,1 ,"1,136,670 ",,99.96%
62380,彌漫性,1 ,"1,136,671 ",,99.96%
62381,半月板,1 ,"1,136,672 ",,99.96%
62382,髂脛束,1 ,"1,136,673 ",,99.96%
62383,維骨力,1 ,"1,136,674 ",,99.96%
62384,鈣片,1 ,"1,136,675 ",,99.96%
62385,回春,1 ,"1,136,676 ",,99.96%
62386,適應症,1 ,"1,136,677 ",,99.96%
62387,無傷口,1 ,"1,136,678 ",,99.96%
62388,嚴重度,1 ,"1,136,679 ",,99.96%
62389,脫出,1 ,"1,136,680 ",,99.96%
62390,眶隔給,1 ,"1,136,681 ",,99.96%
62391,加淚溝,1 ,"1,136,682 ",,99.96%
62392,推回去,1 ,"1,136,683 ",,99.96%
62393,玻尿酸劑型,1 ,"1,136,684 ",,99.96%
62394,尖針,1 ,"1,136,685 ",,99.96%
62395,譯名,1 ,"1,136,686 ",,99.96%
62396,醣醛酸,1 ,"1,136,687 ",,99.96%
62397,玻,1 ,"1,136,688 ",,99.96%
62398,口語化,1 ,"1,136,689 ",,99.96%
62399,外間,1 ,"1,136,690 ",,99.96%
62400,免疫性,1 ,"1,136,691 ",,99.96%
62401,半衰期,1 ,"1,136,692 ",,99.96%
62402,持久度,1 ,"1,136,693 ",,99.96%
62403,學理,1 ,"1,136,694 ",,99.96%
62404,黏度,1 ,"1,136,695 ",,99.96%
62405,黏滯力,1 ,"1,136,696 ",,99.96%
62406,打進去,1 ,"1,136,697 ",,99.96%
62407,鼻子山,1 ,"1,136,698 ",,99.96%
62408,唇用,1 ,"1,136,699 ",,99.96%
62409,推針,1 ,"1,136,700 ",,99.96%
62410,阿斯匹林,1 ,"1,136,701 ",,99.96%
62411,阻塞型,1 ,"1,136,702 ",,99.96%
62412,胰臟癌,1 ,"1,136,703 ",,99.96%
62413,打玻,1 ,"1,136,704 ",,99.96%
62414,衛署,1 ,"1,136,705 ",,99.96%
62415,艾麗膚,1 ,"1,136,706 ",,99.96%
62416,玻顏,1 ,"1,136,707 ",,99.96%
62417,中大,1 ,"1,136,708 ",,99.96%
62418,鼻形,1 ,"1,136,709 ",,99.96%
62419,組織液,1 ,"1,136,710 ",,99.96%
62420,線拉提,1 ,"1,136,711 ",,99.96%
62421,醫美拉提,1 ,"1,136,712 ",,99.96%
62422,繂,1 ,"1,136,713 ",,99.96%
62423,洗去,1 ,"1,136,714 ",,99.96%
62424,塗塗抹抹,1 ,"1,136,715 ",,99.96%
62425,一些些,1 ,"1,136,716 ",,99.96%
62426,毅立不搖,1 ,"1,136,717 ",,99.96%
62427,佳醫,1 ,"1,136,718 ",,99.96%
62428,標的物,1 ,"1,136,719 ",,99.96%
62429,高到,1 ,"1,136,720 ",,99.96%
62430,安好,1 ,"1,136,721 ",,99.96%
62431,三陵鏡,1 ,"1,136,722 ",,99.96%
62432,衝光,1 ,"1,136,723 ",,99.96%
62433,毛況,1 ,"1,136,724 ",,99.96%
62434,乾乾淨淨,1 ,"1,136,725 ",,99.96%
62435,傳導到,1 ,"1,136,726 ",,99.96%
62436,休止,1 ,"1,136,727 ",,99.96%
62437,總毛量,1 ,"1,136,728 ",,99.96%
62438,退紅,1 ,"1,136,729 ",,99.96%
62439,除班,1 ,"1,136,730 ",,99.96%
62440,鼻梁,1 ,"1,136,731 ",,99.96%
62441,斑斑點點,1 ,"1,136,732 ",,99.96%
62442,除斑,1 ,"1,136,733 ",,99.97%
62443,試劑,1 ,"1,136,734 ",,99.97%
62444,篩,1 ,"1,136,735 ",,99.97%
62445,跑速,1 ,"1,136,736 ",,99.97%
62446,行不行,1 ,"1,136,737 ",,99.97%
62447,修復力,1 ,"1,136,738 ",,99.97%
62448,診所以,1 ,"1,136,739 ",,99.97%
62449,心得安,1 ,"1,136,740 ",,99.97%
62450,禁藥,1 ,"1,136,741 ",,99.97%
62451,膀胱癌,1 ,"1,136,742 ",,99.97%
62452,霧剎剎,1 ,"1,136,743 ",,99.97%
62453,遵,1 ,"1,136,744 ",,99.97%
62454,醫囑性,1 ,"1,136,745 ",,99.97%
62455,大勒勒,1 ,"1,136,746 ",,99.97%
62456,琳狼滿目,1 ,"1,136,747 ",,99.97%
62457,皺眉紋,1 ,"1,136,748 ",,99.97%
62458,填充物,1 ,"1,136,749 ",,99.97%
62459,醫源性,1 ,"1,136,750 ",,99.97%
62460,眼中風,1 ,"1,136,751 ",,99.97%
62461,滑車,1 ,"1,136,752 ",,99.97%
62462,眶,1 ,"1,136,753 ",,99.97%
62463,微針,1 ,"1,136,754 ",,99.97%
62464,上塗,1 ,"1,136,755 ",,99.97%
62465,塗抹抹,1 ,"1,136,756 ",,99.97%
62466,歷久不衰,1 ,"1,136,757 ",,99.97%
62467,美容坊,1 ,"1,136,758 ",,99.97%
62468,破害到,1 ,"1,136,759 ",,99.97%
62469,刺進,1 ,"1,136,760 ",,99.97%
62470,刺進去,1 ,"1,136,761 ",,99.97%
62471,轉進去,1 ,"1,136,762 ",,99.97%
62472,轉出,1 ,"1,136,763 ",,99.97%
62473,滾針,1 ,"1,136,764 ",,99.97%
62474,刺下去,1 ,"1,136,765 ",,99.97%
62475,切割傷,1 ,"1,136,766 ",,99.97%
62476,直進,1 ,"1,136,767 ",,99.97%
62477,針長,1 ,"1,136,768 ",,99.97%
62478,自然組,1 ,"1,136,769 ",,99.97%
62479,光波出去,1 ,"1,136,770 ",,99.97%
62480,銣雅各,1 ,"1,136,771 ",,99.97%
62481,激發出來,1 ,"1,136,772 ",,99.97%
62482,閾值,1 ,"1,136,773 ",,99.97%
62483,指導員,1 ,"1,136,774 ",,99.97%
62484,雷射手,1 ,"1,136,775 ",,99.97%
62485,誤解成,1 ,"1,136,776 ",,99.97%
62486,外耳,1 ,"1,136,777 ",,99.97%
62487,咽喉,1 ,"1,136,778 ",,99.97%
62488,纖毛,1 ,"1,136,779 ",,99.97%
62489,醫美級,1 ,"1,136,780 ",,99.97%
62490,電射,1 ,"1,136,781 ",,99.97%
62491,坑坑疤疤,1 ,"1,136,782 ",,99.97%
62492,雙飛梭,1 ,"1,136,783 ",,99.97%
62493,愈來,1 ,"1,136,784 ",,99.97%
62494,留疤,1 ,"1,136,785 ",,99.97%
62495,血紅素,1 ,"1,136,786 ",,99.97%
62496,出血點,1 ,"1,136,787 ",,99.97%
62497,縱始,1 ,"1,136,788 ",,99.97%
62498,的確確,1 ,"1,136,789 ",,99.97%
62499,週圍,1 ,"1,136,790 ",,99.97%
62500,脂肪瘤,1 ,"1,136,791 ",,99.97%
62501,護具,1 ,"1,136,792 ",,99.97%
62502,柺,1 ,"1,136,793 ",,99.97%
62503,消炎藥,1 ,"1,136,794 ",,99.97%
62504,醫美界,1 ,"1,136,795 ",,99.97%
62505,拉提術,1 ,"1,136,796 ",,99.97%
62506,緊緻拉皮術,1 ,"1,136,797 ",,99.97%
62507,維納,1 ,"1,136,798 ",,99.97%
62508,吸收線,1 ,"1,136,799 ",,99.97%
62509,針帶線,1 ,"1,136,800 ",,99.97%
62510,剖面圖,1 ,"1,136,801 ",,99.97%
62511,埋線拉皮,1 ,"1,136,802 ",,99.97%
62512,舒顏萃,1 ,"1,136,803 ",,99.97%
62513,童顏針,1 ,"1,136,804 ",,99.97%
62514,不瞎鬧,1 ,"1,136,805 ",,99.97%
62515,下拉,1 ,"1,136,806 ",,99.97%
62516,蓋略,1 ,"1,136,807 ",,99.97%
62517,抗刮,1 ,"1,136,808 ",,99.97%
62518,猩猩,1 ,"1,136,809 ",,99.97%
62519,十一月份,1 ,"1,136,810 ",,99.97%
62520,生力軍,1 ,"1,136,811 ",,99.97%
62521,雙卡版,1 ,"1,136,812 ",,99.97%
62522,單卡版,1 ,"1,136,813 ",,99.97%
62523,卡版,1 ,"1,136,814 ",,99.97%
62524,亮橙白,1 ,"1,136,815 ",,99.97%
62525,鋼化,1 ,"1,136,816 ",,99.97%
62526,透光度,1 ,"1,136,817 ",,99.97%
62527,抗汙,1 ,"1,136,818 ",,99.97%
62528,認證品,1 ,"1,136,819 ",,99.97%
62529,熱成,1 ,"1,136,820 ",,99.97%
62530,切孔,1 ,"1,136,821 ",,99.97%
62531,導角,1 ,"1,136,822 ",,99.97%
62532,工序,1 ,"1,136,823 ",,99.97%
62533,到淘寶網,1 ,"1,136,824 ",,99.97%
62534,貨色,1 ,"1,136,825 ",,99.97%
62535,貼好,1 ,"1,136,826 ",,99.97%
62536,圓弧角,1 ,"1,136,827 ",,99.97%
62537,原角,1 ,"1,136,828 ",,99.97%
62538,功能鍵,1 ,"1,136,829 ",,99.97%
62539,觸發機,1 ,"1,136,830 ",,99.97%
62540,放大化,1 ,"1,136,831 ",,99.97%
62541,自拍扭,1 ,"1,136,832 ",,99.97%
62542,超大型,1 ,"1,136,833 ",,99.97%
62543,輕壓,1 ,"1,136,834 ",,99.97%
62544,自拍鍵,1 ,"1,136,835 ",,99.97%
62545,卡嚓卡嚓,1 ,"1,136,836 ",,99.97%
62546,拍照片,1 ,"1,136,837 ",,99.97%
62547,電煙器,1 ,"1,136,838 ",,99.97%
62548,車用,1 ,"1,136,839 ",,99.97%
62549,廣報,1 ,"1,136,840 ",,99.97%
62550,順發,1 ,"1,136,841 ",,99.97%
62551,語重量,1 ,"1,136,842 ",,99.97%
62552,海思,1 ,"1,136,843 ",,99.97%
62553,後置主,1 ,"1,136,844 ",,99.97%
62554,低光源,1 ,"1,136,845 ",,99.97%
62555,處空,1 ,"1,136,846 ",,99.98%
62556,背架,1 ,"1,136,847 ",,99.98%
62557,廣視角,1 ,"1,136,848 ",,99.98%
62558,纖薄,1 ,"1,136,849 ",,99.98%
62559,輸入埠,1 ,"1,136,850 ",,99.98%
62560,隨身碟,1 ,"1,136,851 ",,99.98%
62561,播放機,1 ,"1,136,852 ",,99.98%
62562,救星,1 ,"1,136,853 ",,99.98%
62563,色溫,1 ,"1,136,854 ",,99.98%
62564,制服機,1 ,"1,136,855 ",,99.98%
62565,單行,1 ,"1,136,856 ",,99.98%
62566,段行,1 ,"1,136,857 ",,99.98%
62567,字數,1 ,"1,136,858 ",,99.98%
62568,斷行,1 ,"1,136,859 ",,99.98%
62569,相對業,1 ,"1,136,860 ",,99.98%
62570,紅黑,1 ,"1,136,861 ",,99.98%
62571,飾條,1 ,"1,136,862 ",,99.98%
62572,行包,1 ,"1,136,863 ",,99.98%
62573,熱鍵,1 ,"1,136,864 ",,99.98%
62574,孤島式,1 ,"1,136,865 ",,99.98%
62575,六列式,1 ,"1,136,866 ",,99.98%
62576,卡入,1 ,"1,136,867 ",,99.98%
62577,毛屑,1 ,"1,136,868 ",,99.98%
62578,桌機,1 ,"1,136,869 ",,99.98%
62579,風切聲,1 ,"1,136,870 ",,99.98%
62580,敲擊聲,1 ,"1,136,871 ",,99.98%
62581,連結埠,1 ,"1,136,872 ",,99.98%
62582,撇子,1 ,"1,136,873 ",,99.98%
62583,大拇哥,1 ,"1,136,874 ",,99.98%
62584,標準機,1 ,"1,136,875 ",,99.98%
62585,滿載到,1 ,"1,136,876 ",,99.98%
62586,麗嬰,1 ,"1,136,877 ",,99.98%
62587,痛痛,1 ,"1,136,878 ",,99.98%
62588,充電座,1 ,"1,136,879 ",,99.98%
62589,低功率,1 ,"1,136,880 ",,99.98%
62590,螺絲起子,1 ,"1,136,881 ",,99.98%
62591,烤漆,1 ,"1,136,882 ",,99.98%
62592,分列,1 ,"1,136,883 ",,99.98%
62593,界同,1 ,"1,136,884 ",,99.98%
62594,清晰度,1 ,"1,136,885 ",,99.98%
62595,中高階,1 ,"1,136,886 ",,99.98%
62596,匹配,1 ,"1,136,887 ",,99.98%
62597,雜訊,1 ,"1,136,888 ",,99.98%
62598,頭戴式,1 ,"1,136,889 ",,99.98%
62599,雙顯卡,1 ,"1,136,890 ",,99.98%
62600,外接,1 ,"1,136,891 ",,99.98%
62601,環場,1 ,"1,136,892 ",,99.98%
62602,體機,1 ,"1,136,893 ",,99.98%
62603,小筆店,1 ,"1,136,894 ",,99.98%
62604,凹痕,1 ,"1,136,895 ",,99.98%
62605,凹掉,1 ,"1,136,896 ",,99.98%
62606,爆裂痕,1 ,"1,136,897 ",,99.98%
62607,高彈性,1 ,"1,136,898 ",,99.98%
62608,塗層,1 ,"1,136,899 ",,99.98%
62609,山寨機,1 ,"1,136,900 ",,99.98%
62610,間諜照,1 ,"1,136,901 ",,99.98%
62611,簡言之,1 ,"1,136,902 ",,99.98%
62612,路透社,1 ,"1,136,903 ",,99.98%
62613,潮男,1 ,"1,136,904 ",,99.98%
62614,實線,1 ,"1,136,905 ",,99.98%
62615,超軟,1 ,"1,136,906 ",,99.98%
62616,毛刷頭,1 ,"1,136,907 ",,99.98%
62617,牙縫,1 ,"1,136,908 ",,99.98%
62618,刮片,1 ,"1,136,909 ",,99.98%
62619,嘖嘖嘖,1 ,"1,136,910 ",,99.98%
62620,變出,1 ,"1,136,911 ",,99.98%
62621,按摩器,1 ,"1,136,912 ",,99.98%
62622,充電式,1 ,"1,136,913 ",,99.98%
62623,攜帶組,1 ,"1,136,914 ",,99.98%
62624,紅到,1 ,"1,136,915 ",,99.98%
62625,自拍神機,1 ,"1,136,916 ",,99.98%
62626,補光,1 ,"1,136,917 ",,99.98%
62627,美顏燈,1 ,"1,136,918 ",,99.98%
62628,土豪金,1 ,"1,136,919 ",,99.98%
62629,美研,1 ,"1,136,920 ",,99.98%
62630,斑去,1 ,"1,136,921 ",,99.98%
62631,自動鏡,1 ,"1,136,922 ",,99.98%
62632,拆封,1 ,"1,136,923 ",,99.98%
62633,打擾到,1 ,"1,136,924 ",,99.98%
62634,接觸式,1 ,"1,136,925 ",,99.98%
62635,收納袋,1 ,"1,136,926 ",,99.98%
62636,碰碰,1 ,"1,136,927 ",,99.98%
62637,鑽地,1 ,"1,136,928 ",,99.98%
62638,俠士,1 ,"1,136,929 ",,99.98%
62639,寶劍,1 ,"1,136,930 ",,99.98%
62640,萬夫莫敵,1 ,"1,136,931 ",,99.98%
62641,不足學,1 ,"1,136,932 ",,99.98%
62642,妥切,1 ,"1,136,933 ",,99.98%
62643,文謅謅,1 ,"1,136,934 ",,99.98%
62644,程式碼,1 ,"1,136,935 ",,99.98%
62645,死線,1 ,"1,136,936 ",,99.98%
62646,交出去,1 ,"1,136,937 ",,99.98%
62647,鳥事,1 ,"1,136,938 ",,99.98%
62648,萬人敵,1 ,"1,136,939 ",,99.98%
62649,謀士,1 ,"1,136,940 ",,99.98%
62650,分憂解勞,1 ,"1,136,941 ",,99.98%
62651,鐵木,1 ,"1,136,942 ",,99.98%
62652,浩克出來,1 ,"1,136,943 ",,99.98%
62653,敵浩克,1 ,"1,136,944 ",,99.98%
62654,資端,1 ,"1,136,945 ",,99.98%
62655,浩克級,1 ,"1,136,946 ",,99.98%
62656,摩頂放踵,1 ,"1,136,947 ",,99.98%
62657,夙夜匪懈,1 ,"1,136,948 ",,99.98%
62658,前後文,1 ,"1,136,949 ",,99.98%
62659,做萬,1 ,"1,136,950 ",,99.98%
62660,項羽,1 ,"1,136,951 ",,99.98%
62661,年輕氣盛,1 ,"1,136,952 ",,99.98%
62662,輕工業,1 ,"1,136,953 ",,99.98%
62663,重工業,1 ,"1,136,954 ",,99.98%
62664,父執輩,1 ,"1,136,955 ",,99.98%
62665,晉身,1 ,"1,136,956 ",,99.98%
62666,平步青雲,1 ,"1,136,957 ",,99.98%
62667,快逃,1 ,"1,136,958 ",,99.98%
62668,宣泄,1 ,"1,136,959 ",,99.98%
62669,邊邊角角,1 ,"1,136,960 ",,99.99%
62670,中監,1 ,"1,136,961 ",,99.99%
62671,遞延,1 ,"1,136,962 ",,99.99%
62672,一話話,1 ,"1,136,963 ",,99.99%
62673,禽擇木而棲,1 ,"1,136,964 ",,99.99%
62674,好生生,1 ,"1,136,965 ",,99.99%
62675,無間道,1 ,"1,136,966 ",,99.99%
62676,自甘魯蛇,1 ,"1,136,967 ",,99.99%
62677,容忍力,1 ,"1,136,968 ",,99.99%
62678,遞送給,1 ,"1,136,969 ",,99.99%
62679,偽文青,1 ,"1,136,970 ",,99.99%
62680,假掰人,1 ,"1,136,971 ",,99.99%
62681,鳴人,1 ,"1,136,972 ",,99.99%
62682,投融管退,1 ,"1,136,973 ",,99.99%
62683,搞好,1 ,"1,136,974 ",,99.99%
62684,一兩點,1 ,"1,136,975 ",,99.99%
62685,找錢,1 ,"1,136,976 ",,99.99%
62686,風投界,1 ,"1,136,977 ",,99.99%
62687,大名堂,1 ,"1,136,978 ",,99.99%
62688,生吞活剝,1 ,"1,136,979 ",,99.99%
62689,吹灰之力,1 ,"1,136,980 ",,99.99%
62690,約定俗成,1 ,"1,136,981 ",,99.99%
62691,巴來巴去,1 ,"1,136,982 ",,99.99%
62692,浮沉,1 ,"1,136,983 ",,99.99%
62693,拼搏,1 ,"1,136,984 ",,99.99%
62694,側擊,1 ,"1,136,985 ",,99.99%
62695,相談甚歡,1 ,"1,136,986 ",,99.99%
62696,送進去,1 ,"1,136,987 ",,99.99%
62697,超精心,1 ,"1,136,988 ",,99.99%
62698,超完美,1 ,"1,136,989 ",,99.99%
62699,執行到,1 ,"1,136,990 ",,99.99%
62700,前功盡棄,1 ,"1,136,991 ",,99.99%
62701,冷宮,1 ,"1,136,992 ",,99.99%
62702,相親,1 ,"1,136,993 ",,99.99%
62703,無垠,1 ,"1,136,994 ",,99.99%
62704,獵人頭,1 ,"1,136,995 ",,99.99%
62705,茫茫大海,1 ,"1,136,996 ",,99.99%
62706,山成堆,1 ,"1,136,997 ",,99.99%
62707,起眼,1 ,"1,136,998 ",,99.99%
62708,下下,1 ,"1,136,999 ",,99.99%
62709,登入到,1 ,"1,137,000 ",,99.99%
62710,投地,1 ,"1,137,001 ",,99.99%
62711,奇貨可居,1 ,"1,137,002 ",,99.99%
62712,字彙量,1 ,"1,137,003 ",,99.99%
62713,商用,1 ,"1,137,004 ",,99.99%
62714,弄熟,1 ,"1,137,005 ",,99.99%
62715,托福,1 ,"1,137,006 ",,99.99%
62716,翻作,1 ,"1,137,007 ",,99.99%
62717,提攜,1 ,"1,137,008 ",,99.99%
62718,涯中,1 ,"1,137,009 ",,99.99%
62719,吹開,1 ,"1,137,010 ",,99.99%
62720,煙幕,1 ,"1,137,011 ",,99.99%
62721,業作,1 ,"1,137,012 ",,99.99%
62722,紅茶店,1 ,"1,137,013 ",,99.99%
62723,速成,1 ,"1,137,014 ",,99.99%
62724,社交圈,1 ,"1,137,015 ",,99.99%
62725,歲月號,1 ,"1,137,016 ",,99.99%
62726,上位者,1 ,"1,137,017 ",,99.99%
62727,練出來,1 ,"1,137,018 ",,99.99%
62728,愁雲,1 ,"1,137,019 ",,99.99%
62729,遠道而來,1 ,"1,137,020 ",,99.99%
62730,成俗,1 ,"1,137,021 ",,99.99%
62731,虧待,1 ,"1,137,022 ",,99.99%
62732,張數,1 ,"1,137,023 ",,99.99%
62733,公定,1 ,"1,137,024 ",,99.99%
62734,呼弄,1 ,"1,137,025 ",,99.99%
62735,年費,1 ,"1,137,026 ",,99.99%
62736,拚死拚活,1 ,"1,137,027 ",,99.99%
62737,歡天喜地,1 ,"1,137,028 ",,99.99%
62738,談上去,1 ,"1,137,029 ",,99.99%
62739,老油條,1 ,"1,137,030 ",,99.99%
62740,升職,1 ,"1,137,031 ",,99.99%
62741,台灣式,1 ,"1,137,032 ",,99.99%
62742,人定出來,1 ,"1,137,033 ",,99.99%
62743,談出來,1 ,"1,137,034 ",,99.99%
62744,貧弱,1 ,"1,137,035 ",,99.99%
62745,說瞎話,1 ,"1,137,036 ",,99.99%
62746,理收,1 ,"1,137,037 ",,99.99%
62747,哪國,1 ,"1,137,038 ",,99.99%
62748,簽服貿,1 ,"1,137,039 ",,99.99%
62749,主管機,1 ,"1,137,040 ",,99.99%
62750,上列,1 ,"1,137,041 ",,99.99%
62751,聽信,1 ,"1,137,042 ",,99.99%
62752,鳥話,1 ,"1,137,043 ",,99.99%
62753,一支支,1 ,"1,137,044 ",,99.99%
62754,飲鴆止渴,1 ,"1,137,045 ",,99.99%
62755,邀功,1 ,"1,137,046 ",,99.99%
62756,精兵,1 ,"1,137,047 ",,99.99%
62757,成事,1 ,"1,137,048 ",,99.99%
62758,養得起,1 ,"1,137,049 ",,99.99%
62759,爛熟,1 ,"1,137,050 ",,99.99%
62760,了得,1 ,"1,137,051 ",,99.99%
62761,開好,1 ,"1,137,052 ",,99.99%
62762,光明面,1 ,"1,137,053 ",,99.99%
62763,神秘兮兮,1 ,"1,137,054 ",,99.99%
62764,偽善,1 ,"1,137,055 ",,99.99%
62765,政治化,1 ,"1,137,056 ",,99.99%
62766,終其一生,1 ,"1,137,057 ",,99.99%
62767,干戈,1 ,"1,137,058 ",,99.99%
62768,大我,1 ,"1,137,059 ",,99.99%
62769,分群,1 ,"1,137,060 ",,99.99%
62770,購物車,1 ,"1,137,061 ",,99.99%
62771,齊力,1 ,"1,137,062 ",,99.99%
62772,列席,1 ,"1,137,063 ",,99.99%
62773,次月,1 ,"1,137,064 ",,99.99%
62774,次季,1 ,"1,137,065 ",,99.99%
62775,酒言歡,1 ,"1,137,066 ",,99.99%
62776,扁平,1 ,"1,137,067 ",,99.99%
62777,哈酷網,1 ,"1,137,068 ",,99.99%
62778,哈酷,1 ,"1,137,069 ",,99.99%
62779,碩網,1 ,"1,137,070 ",,99.99%
62780,推上場,1 ,"1,137,071 ",,99.99%
62781,負毛利,1 ,"1,137,072 ",,99.99%
62782,擺攤,1 ,"1,137,073 ",,99.99%
62783,訂錯,1 ,"1,137,074 ",,100.00%
62784,顧攤,1 ,"1,137,075 ",,100.00%
62785,子難生,1 ,"1,137,076 ",,100.00%
62786,橫移,1 ,"1,137,077 ",,100.00%
62787,粉飾,1 ,"1,137,078 ",,100.00%
62788,上行,1 ,"1,137,079 ",,100.00%
62789,下效,1 ,"1,137,080 ",,100.00%
62790,結算出來,1 ,"1,137,081 ",,100.00%
62791,月結,1 ,"1,137,082 ",,100.00%
62792,天期,1 ,"1,137,083 ",,100.00%
62793,時間差,1 ,"1,137,084 ",,100.00%
62794,按月,1 ,"1,137,085 ",,100.00%
62795,舊曆年,1 ,"1,137,086 ",,100.00%
62796,季約,1 ,"1,137,087 ",,100.00%
62797,帳會,1 ,"1,137,088 ",,100.00%
62798,乏善可陳,1 ,"1,137,089 ",,100.00%
62799,龜縮回,1 ,"1,137,090 ",,100.00%
62800,物競天擇,1 ,"1,137,091 ",,100.00%
62801,威風,1 ,"1,137,092 ",,100.00%
62802,厄運,1 ,"1,137,093 ",,100.00%
62803,區型,1 ,"1,137,094 ",,100.00%
62804,串起來,1 ,"1,137,095 ",,100.00%
62805,累累,1 ,"1,137,096 ",,100.00%
62806,積累出來,1 ,"1,137,097 ",,100.00%
62807,換回,1 ,"1,137,098 ",,100.00%
62808,觀察王,1 ,"1,137,099 ",,100.00%
62809,點子王,1 ,"1,137,100 ",,100.00%
62810,俯拾,1 ,"1,137,101 ",,100.00%
62811,金三角,1 ,"1,137,102 ",,100.00%
62812,傳播力,1 ,"1,137,103 ",,100.00%
62813,大壞,1 ,"1,137,104 ",,100.00%
62814,錯綜,1 ,"1,137,105 ",,100.00%
62815,譽,1 ,"1,137,106 ",,100.00%
62816,名不見經傳,1 ,"1,137,107 ",,100.00%
62817,第一流,1 ,"1,137,108 ",,100.00%
62818,天出來,1 ,"1,137,109 ",,100.00%
62819,創業人,1 ,"1,137,110 ",,100.00%
62820,品牌力,1 ,"1,137,111 ",,100.00%
62821,產品力,1 ,"1,137,112 ",,100.00%
62822,通路力,1 ,"1,137,113 ",,100.00%
62823,殘食,1 ,"1,137,114 ",,100.00%
62824,支點,1 ,"1,137,115 ",,100.00%
62825,人流,1 ,"1,137,116 ",,100.00%
62826,櫃位,1 ,"1,137,117 ",,100.00%
62827,馬雲會,1 ,"1,137,118 ",,100.00%
62828,刀劍,1 ,"1,137,119 ",,100.00%
62829,比劃,1 ,"1,137,120 ",,100.00%
62830,顧主,1 ,"1,137,121 ",,100.00%
62831,資訊流,1 ,"1,137,122 ",,100.00%
62832,建言書,1 ,"1,137,123 ",,100.00%
62833,跨境,1 ,"1,137,124 ",,100.00%
62834,逆超,1 ,"1,137,125 ",,100.00%
62835,出口性,1 ,"1,137,126 ",,100.00%
62836,喚為,1 ,"1,137,127 ",,100.00%
62837,換做,1 ,"1,137,128 ",,100.00%
62838,企業體,1 ,"1,137,129 ",,100.00%
62839,上百億,1 ,"1,137,130 ",,100.00%
